date,revenue,cogs,gross_margin,operating_cost,fixed_cost,net_profit
2022-01-01,246447.1365,180267.39,66179.74649999998,0.0,0.0,66179.74649999998
2022-01-02,191342.084,146380.96,44961.12400000001,0.0,0.0,44961.12400000001
2022-01-03,365972.7275,285162.53,80810.1975,0.0,0.0,80810.1975
2022-01-04,200785.998,149824.28999999998,50961.70799999999,0.0,0.0,50961.70799999999
2022-01-05,368855.65,265482.62,103373.03,0.0,0.0,103373.03
2022-01-06,289167.89149999997,219891.81,69276.0815,0.0,0.0,69276.0815
2022-01-07,338511.4385,249756.79,88754.64849999997,0.0,0.0,88754.64849999997
2022-01-08,476292.902,344644.84,131648.06199999998,0.0,0.0,131648.06199999998
2022-01-09,263741.84349999996,196071.38,67670.46349999998,0.0,0.0,67670.46349999998
2022-01-10,277344.294,216031.80000000002,61312.494,0.0,0.0,61312.494
2022-01-11,199731.24,155679.76,44051.479999999996,0.0,0.0,44051.479999999996
2022-01-12,149975.23,117500.24,32474.99,0.0,0.0,32474.99
2022-01-13,307894.002,238242.67,69651.332,0.0,0.0,69651.332
2022-01-14,333319.392,237247.83000000002,96071.562,0.0,0.0,96071.562
2022-01-15,320231.003,220588.51,99642.493,0.0,0.0,99642.493
2022-01-16,192189.4675,145929.34,46260.1275,0.0,0.0,46260.1275
2022-01-17,237951.5875,200076.44,37875.1475,0.0,0.0,37875.1475
2022-01-18,275096.4905,202405.23,72691.26050000002,0.0,0.0,72691.26050000002
2022-01-19,212067.106,155697.84,56369.266,0.0,0.0,56369.266
2022-01-20,189275.1765,146388.41999999998,42886.756499999996,0.0,0.0,42886.756499999996
2022-01-21,215353.7055,152585.01,62768.695499999994,0.0,0.0,62768.695499999994
2022-01-22,179229.0735,130615.09,48613.98349999999,0.0,0.0,48613.98349999999
2022-01-23,111883.4405,86531.08,25352.360499999995,0.0,0.0,25352.360499999995
2022-01-24,209570.03350000002,169697.87,39872.1635,0.0,0.0,39872.1635
2022-01-25,298405.7895,233320.32,65085.4695,0.0,0.0,65085.4695
2022-01-26,269226.839,201012.0,68214.83899999999,0.0,0.0,68214.83899999999
2022-01-27,184437.76,139032.13,45405.63000000001,0.0,0.0,45405.63000000001
2022-01-28,197257.8645,150151.18,47106.684499999996,0.0,0.0,47106.684499999996
2022-01-29,256504.55,186062.95,70441.59999999999,0.0,0.0,70441.59999999999
2022-01-30,219596.992,156747.95,62849.04199999999,0.0,0.0,62849.04199999999
2022-01-31,249494.312,182151.79,67342.52200000001,0.0,0.0,67342.52200000001
2022-02-01,292654.74950000003,221250.6,71404.1495,0.0,0.0,71404.1495
2022-02-02,96344.41100000001,71496.37,24848.041,0.0,0.0,24848.041
2022-02-03,264448.257,191118.06,73330.197,0.0,0.0,73330.197
2022-02-04,608070.5255,445968.17,162102.35549999998,0.0,0.0,162102.35549999998
2022-02-05,255078.11200000002,197985.08,57093.03200000001,0.0,0.0,57093.03200000001
2022-02-06,136565.06900000002,110068.62,26496.449000000004,0.0,0.0,26496.449000000004
2022-02-07,275375.104,210773.79,64601.314000000006,0.0,0.0,64601.314000000006
2022-02-08,287661.32,210757.19,76904.13,0.0,0.0,76904.13
2022-02-09,281418.624,201386.1,80032.524,0.0,0.0,80032.524
2022-02-10,134716.995,103226.57,31490.424999999992,0.0,0.0,31490.424999999992
2022-02-11,145351.417,111180.34,34171.07699999999,0.0,0.0,34171.07699999999
2022-02-12,224946.703,162392.81,62553.89299999998,0.0,0.0,62553.89299999998
2022-02-13,290201.65750000003,206859.99,83341.66750000001,0.0,0.0,83341.66750000001
2022-02-14,320935.6965,239602.94,81332.7565,0.0,0.0,81332.7565
2022-02-15,217507.2255,167979.72,49527.5055,0.0,0.0,49527.5055
2022-02-16,313059.9485,234513.66,78546.28850000001,0.0,0.0,78546.28850000001
2022-02-17,156693.068,114958.69,41734.37800000001,0.0,0.0,41734.37800000001
2022-02-18,297914.242,216680.17,81234.072,0.0,0.0,81234.072
2022-02-19,299660.6635,219121.92,80538.74349999998,0.0,0.0,80538.74349999998
2022-02-20,175776.967,129314.24,46462.727000000006,0.0,0.0,46462.727000000006
2022-02-21,149046.519,106477.43000000001,42569.089,0.0,0.0,42569.089
2022-02-22,280856.233,201713.56,79142.67300000001,0.0,0.0,79142.67300000001
2022-02-23,260701.0165,195568.59,65132.42650000001,0.0,0.0,65132.42650000001
2022-02-24,178940.576,134609.24,44331.336,0.0,0.0,44331.336
2022-02-25,285536.636,193520.6,92016.036,0.0,0.0,92016.036
2022-02-26,364878.65,266007.4,98871.24999999999,0.0,0.0,98871.24999999999
2022-02-27,493722.343,343366.97,150355.37300000002,0.0,0.0,150355.37300000002
2022-02-28,338506.224,256403.69,82102.534,0.0,0.0,82102.534
2022-03-01,123797.27,96397.75,27399.52000000001,0.0,0.0,27399.52000000001
2022-03-02,341111.6455,271185.55,69926.0955,0.0,0.0,69926.0955
2022-03-03,327500.2235,227843.64,99656.5835,0.0,0.0,99656.5835
2022-03-04,381141.025,273010.52,108130.505,0.0,0.0,108130.505
2022-03-05,137136.26,107625.1,29511.16,0.0,0.0,29511.16
2022-03-06,294543.07149999996,211326.1,83216.9715,0.0,0.0,83216.9715
2022-03-07,133416.051,98786.54000000001,34629.511,0.0,0.0,34629.511
2022-03-08,551537.3375,397195.05,154342.2875,0.0,0.0,154342.2875
2022-03-09,300233.6075,219295.57,80938.0375,0.0,0.0,80938.0375
2022-03-10,105642.7765,73847.73999999999,31795.0365,0.0,0.0,31795.0365
2022-03-11,322613.82200000004,231255.34,91358.482,0.0,0.0,91358.482
2022-03-12,350818.655,247226.57,103592.08499999999,0.0,0.0,103592.08499999999
2022-03-13,514390.7325,388668.75,125721.9825,0.0,0.0,125721.9825
2022-03-14,269226.5865,195593.66999999998,73632.91649999999,0.0,0.0,73632.91649999999
2022-03-15,215573.40999999997,152594.89,62978.51999999999,0.0,0.0,62978.51999999999
2022-03-16,203606.093,158428.97,45177.123000000014,0.0,0.0,45177.123000000014
2022-03-17,242668.15399999998,177871.37,64796.784,0.0,0.0,64796.784
2022-03-18,257434.5395,191132.36000000002,66302.17950000001,0.0,0.0,66302.17950000001
2022-03-19,424244.937,297377.11,126867.827,0.0,0.0,126867.827
2022-03-20,264290.022,184241.45,80048.572,0.0,0.0,80048.572
2022-03-21,415593.7065,296342.37,119251.33649999999,0.0,0.0,119251.33649999999
2022-03-22,345266.738,256256.95,89009.78799999999,0.0,0.0,89009.78799999999
2022-03-23,264962.0185,200202.85,64759.1685,0.0,0.0,64759.1685
2022-03-24,175590.56600000002,123057.64,52532.92600000001,0.0,0.0,52532.92600000001
2022-03-25,158705.2605,122987.26,35718.0005,0.0,0.0,35718.0005
2022-03-26,166140.689,121208.79000000001,44931.899,0.0,0.0,44931.899
2022-03-27,431112.7495,337341.44,93771.3095,0.0,0.0,93771.3095
2022-03-28,84078.004,67493.9,16584.104000000003,0.0,0.0,16584.104000000003
2022-03-29,285628.9985,199780.52000000002,85848.47849999998,0.0,0.0,85848.47849999998
2022-03-30,140189.808,101004.21,39185.598,0.0,0.0,39185.598
2022-03-31,363530.79949999996,254206.36000000002,109324.43949999996,0.0,0.0,109324.43949999996
2022-04-01,275865.0235,203307.12,72557.9035,0.0,0.0,72557.9035
2022-04-02,255842.336,185448.99,70393.34599999999,0.0,0.0,70393.34599999999
2022-04-03,212093.6645,156039.42,56054.24449999999,0.0,0.0,56054.24449999999
2022-04-04,118782.178,87914.39,30867.788000000004,0.0,0.0,30867.788000000004
2022-04-05,376581.317,278975.4,97605.91699999999,0.0,0.0,97605.91699999999
2022-04-06,159571.6385,117559.0,42012.63850000001,0.0,0.0,42012.63850000001
2022-04-07,313658.999,216724.45,96934.54900000001,0.0,0.0,96934.54900000001
2022-04-08,171613.766,133705.18,37908.58599999999,0.0,0.0,37908.58599999999
2022-04-09,259299.641,190348.86000000002,68950.78099999997,0.0,0.0,68950.78099999997
2022-04-10,251449.9345,192389.55,59060.3845,0.0,0.0,59060.3845
2022-04-11,351135.276,255377.33,95757.94599999998,0.0,0.0,95757.94599999998
2022-04-12,206201.147,155460.61,50740.537,0.0,0.0,50740.537
2022-04-13,303240.18,225314.03,77926.14999999998,0.0,0.0,77926.14999999998
2022-04-14,434937.09500000003,309465.05,125472.045,0.0,0.0,125472.045
2022-04-15,139121.424,108083.67,31037.754,0.0,0.0,31037.754
2022-04-16,288311.1545,211430.34,76880.8145,0.0,0.0,76880.8145
2022-04-17,210043.4075,155121.08,54922.3275,0.0,0.0,54922.3275
2022-04-18,364113.371,266327.43,97785.94099999999,0.0,0.0,97785.94099999999
2022-04-19,292018.7885,212524.89,79493.89849999998,0.0,0.0,79493.89849999998
2022-04-20,260642.2585,206567.96,54074.29850000001,0.0,0.0,54074.29850000001
2022-04-21,231384.642,162939.36000000002,68445.28199999998,0.0,0.0,68445.28199999998
2022-04-22,237821.41650000002,176868.63,60952.78650000002,0.0,0.0,60952.78650000002
2022-04-23,310083.6995,226514.64,83569.0595,0.0,0.0,83569.0595
2022-04-24,286281.1025,212183.45,74097.6525,0.0,0.0,74097.6525
2022-04-25,508352.40799999994,372628.84,135723.56799999997,0.0,0.0,135723.56799999997
2022-04-26,77888.74,62186.55,15702.190000000004,0.0,0.0,15702.190000000004
2022-04-27,182481.7875,138242.69,44239.097499999996,0.0,0.0,44239.097499999996
2022-04-28,128141.5135,90719.37,37422.1435,0.0,0.0,37422.1435
2022-04-29,168642.178,134802.49,33839.688,0.0,0.0,33839.688
2022-04-30,202865.921,143681.96,59183.960999999996,0.0,0.0,59183.960999999996
2022-05-01,227853.2825,165067.32,62785.962499999994,0.0,0.0,62785.962499999994
2022-05-02,230913.485,180167.93,50745.55499999999,0.0,0.0,50745.55499999999
2022-05-03,210084.268,155819.46,54264.808,0.0,0.0,54264.808
2022-05-04,140563.4275,98980.68000000001,41582.74749999998,0.0,0.0,41582.74749999998
2022-05-05,235580.657,184517.83000000002,51062.82699999999,0.0,0.0,51062.82699999999
2022-05-06,139306.31900000002,102099.04000000001,37207.27900000001,0.0,0.0,37207.27900000001
2022-05-07,221757.387,171466.59,50290.79699999999,0.0,0.0,50290.79699999999
2022-05-08,374457.715,265232.99,109224.72499999998,0.0,0.0,109224.72499999998
2022-05-09,359626.795,251322.27,108304.525,0.0,0.0,108304.525
2022-05-10,242796.0545,189084.74,53711.31450000001,0.0,0.0,53711.31450000001
2022-05-11,319501.9815,236574.58000000002,82927.40149999998,0.0,0.0,82927.40149999998
2022-05-12,87851.291,63058.5,24792.791,0.0,0.0,24792.791
2022-05-13,139561.849,99197.45,40364.399,0.0,0.0,40364.399
2022-05-14,414618.457,299439.98000000004,115178.477,0.0,0.0,115178.477
2022-05-15,264807.728,207876.27,56931.458,0.0,0.0,56931.458
2022-05-16,391183.727,283248.81,107934.91700000002,0.0,0.0,107934.91700000002
2022-05-17,221304.117,151492.3,69811.81700000001,0.0,0.0,69811.81700000001
2022-05-18,434048.799,325567.56,108481.23899999999,0.0,0.0,108481.23899999999
2022-05-19,227610.6055,170019.83,57590.775499999996,0.0,0.0,57590.775499999996
2022-05-20,191056.92799999999,138238.39,52818.53799999999,0.0,0.0,52818.53799999999
2022-05-21,298935.561,226305.08,72630.481,0.0,0.0,72630.481
2022-05-22,279251.8375,197068.26,82183.57749999998,0.0,0.0,82183.57749999998
2022-05-23,185001.27000000002,137031.35,47969.92,0.0,0.0,47969.92
2022-05-24,244575.2625,169825.4,74749.86249999999,0.0,0.0,74749.86249999999
2022-05-25,103182.596,79580.63,23601.966,0.0,0.0,23601.966
2022-05-26,49729.2375,39030.17,10699.067500000001,0.0,0.0,10699.067500000001
2022-05-27,271279.145,187664.91,83614.23499999999,0.0,0.0,83614.23499999999
2022-05-28,208000.181,161905.81,46094.371,0.0,0.0,46094.371
2022-05-29,267527.51399999997,190541.52000000002,76985.99399999998,0.0,0.0,76985.99399999998
2022-05-30,133430.249,99964.86,33465.388999999996,0.0,0.0,33465.388999999996
2022-05-31,178564.471,131125.04,47439.430999999975,0.0,0.0,47439.430999999975
2022-06-01,207790.646,164336.56,43454.085999999996,0.0,0.0,43454.085999999996
2022-06-02,267968.735,183391.43,84577.305,0.0,0.0,84577.305
2022-06-03,322197.29099999997,238337.52000000002,83859.77100000001,0.0,0.0,83859.77100000001
2022-06-04,279642.3575,207951.61000000002,71690.7475,0.0,0.0,71690.7475
2022-06-05,399034.333,296558.25,102476.083,0.0,0.0,102476.083
2022-06-06,251703.448,190901.18,60802.26800000001,0.0,0.0,60802.26800000001
2022-06-07,256066.29,194446.41,61619.880000000034,0.0,0.0,61619.880000000034
2022-06-08,361672.8325,272237.92,89434.9125,0.0,0.0,89434.9125
2022-06-09,245625.916,169957.61000000002,75668.306,0.0,0.0,75668.306
2022-06-10,351442.198,253428.64,98013.55799999999,0.0,0.0,98013.55799999999
2022-06-11,285385.726,209146.84,76238.88600000001,0.0,0.0,76238.88600000001
2022-06-12,260570.24699999997,199121.45,61448.797,0.0,0.0,61448.797
2022-06-13,322920.22,243235.15,79685.06999999998,0.0,0.0,79685.06999999998
2022-06-14,152443.147,115321.52,37121.627,0.0,0.0,37121.627
2022-06-15,200300.7765,154845.88,45454.8965,0.0,0.0,45454.8965
2022-06-16,110255.7855,80646.71,29609.075499999995,0.0,0.0,29609.075499999995
2022-06-17,450053.95050000004,310133.18,139920.77049999998,0.0,0.0,139920.77049999998
2022-06-18,98309.1765,71055.0,27254.1765,0.0,0.0,27254.1765
2022-06-19,438920.0105,332274.18,106645.8305,0.0,0.0,106645.8305
2022-06-20,225307.239,167104.74000000002,58202.499,0.0,0.0,58202.499
2022-06-21,440935.851,322351.41,118584.441,0.0,0.0,118584.441
2022-06-22,333661.32,241256.27,92405.05,0.0,0.0,92405.05
2022-06-23,277238.897,207126.96,70111.937,0.0,0.0,70111.937
2022-06-24,251275.2595,180840.04,70435.2195,0.0,0.0,70435.2195
2022-06-25,233612.9135,174023.44,59589.4735,0.0,0.0,59589.4735
2022-06-26,440737.021,318697.61,122039.41100000001,0.0,0.0,122039.41100000001
2022-06-27,209025.9,159836.87,49189.029999999984,0.0,0.0,49189.029999999984
2022-06-28,333210.925,235498.68,97712.245,0.0,0.0,97712.245
2022-06-29,310434.378,219299.25,91135.12800000001,0.0,0.0,91135.12800000001
2022-06-30,276963.195,203906.99,73056.205,0.0,0.0,73056.205
2022-07-01,196537.28,148283.4,48253.88,0.0,0.0,48253.88
2022-07-02,150422.6495,109335.8,41086.8495,0.0,0.0,41086.8495
2022-07-03,67391.758,46391.8,20999.958,0.0,0.0,20999.958
2022-07-04,578400.3905,410715.5,167684.8905,0.0,0.0,167684.8905
2022-07-05,330113.234,247973.44,82139.79400000001,0.0,0.0,82139.79400000001
2022-07-06,156306.4355,119909.01000000001,36397.42549999998,0.0,0.0,36397.42549999998
2022-07-07,314742.202,227013.51,87728.692,0.0,0.0,87728.692
2022-07-08,190180.64599999998,144949.89,45230.75599999999,0.0,0.0,45230.75599999999
2022-07-09,372979.458,261767.54,111211.91799999996,0.0,0.0,111211.91799999996
2022-07-10,270204.1315,190475.26,79728.87150000001,0.0,0.0,79728.87150000001
2022-07-11,254806.9465,185564.67,69242.27649999999,0.0,0.0,69242.27649999999
2022-07-12,307946.895,207730.22,100216.675,0.0,0.0,100216.675
2022-07-13,130447.7155,91256.39,39191.3255,0.0,0.0,39191.3255
2022-07-14,232093.05,189621.13,42471.92,0.0,0.0,42471.92
2022-07-15,237911.512,176076.38999999998,61835.121999999996,0.0,0.0,61835.121999999996
2022-07-16,272073.9555,200209.45,71864.5055,0.0,0.0,71864.5055
2022-07-17,141544.967,102697.85,38847.11699999999,0.0,0.0,38847.11699999999
2022-07-18,366858.606,271220.13,95638.476,0.0,0.0,95638.476
2022-07-19,345373.848,256832.58000000002,88541.268,0.0,0.0,88541.268
2022-07-20,276803.5555,210499.58000000002,66303.9755,0.0,0.0,66303.9755
2022-07-21,263263.9985,203058.53,60205.4685,0.0,0.0,60205.4685
2022-07-22,212522.094,153632.66,58889.434,0.0,0.0,58889.434
2022-07-23,242500.011,179180.49,63319.52099999998,0.0,0.0,63319.52099999998
2022-07-24,218903.855,170315.57,48588.285,0.0,0.0,48588.285
2022-07-25,355225.085,261537.53,93687.555,0.0,0.0,93687.555
2022-07-26,529469.0650000001,413300.27999999997,116168.78500000002,0.0,0.0,116168.78500000002
2022-07-27,342196.08,252663.07,89533.01,0.0,0.0,89533.01
2022-07-28,368158.706,265041.51,103117.19600000001,0.0,0.0,103117.19600000001
2022-07-29,208034.5235,161768.61000000002,46265.9135,0.0,0.0,46265.9135
2022-07-30,241570.75,180257.41999999998,61313.329999999994,0.0,0.0,61313.329999999994
2022-07-31,261335.437,193548.39,67787.04699999999,0.0,0.0,67787.04699999999
2022-08-01,150683.745,115465.23000000001,35218.51499999999,0.0,0.0,35218.51499999999
2022-08-02,299992.10449999996,221294.91,78697.19449999997,0.0,0.0,78697.19449999997
2022-08-03,421738.2915,294537.54000000004,127200.75150000001,0.0,0.0,127200.75150000001
2022-08-04,290942.4135,229036.91,61905.50350000002,0.0,0.0,61905.50350000002
2022-08-05,221100.64549999998,160478.26,60622.38549999999,0.0,0.0,60622.38549999999
2022-08-06,207248.902,160579.97,46668.93199999999,0.0,0.0,46668.93199999999
2022-08-07,392500.3835,286407.66000000003,106092.72350000002,0.0,0.0,106092.72350000002
2022-08-08,336824.681,252187.83000000002,84636.851,0.0,0.0,84636.851
2022-08-09,112520.263,88375.13,24145.132999999998,0.0,0.0,24145.132999999998
2022-08-10,331312.281,253404.68,77907.601,0.0,0.0,77907.601
2022-08-11,378506.224,271674.53,106831.69399999997,0.0,0.0,106831.69399999997
2022-08-12,178435.38900000002,137755.53,40679.859,0.0,0.0,40679.859
2022-08-13,192259.09600000002,149771.29,42487.80600000001,0.0,0.0,42487.80600000001
2022-08-14,335512.27150000003,239242.53,96269.74149999999,0.0,0.0,96269.74149999999
2022-08-15,415403.331,309004.16000000003,106399.17099999997,0.0,0.0,106399.17099999997
2022-08-16,372701.582,276705.02999999997,95996.552,0.0,0.0,95996.552
2022-08-17,140093.8775,109886.73999999999,30207.13750000001,0.0,0.0,30207.13750000001
2022-08-18,264541.239,182368.86,82172.379,0.0,0.0,82172.379
2022-08-19,279253.4315,204838.59,74414.8415,0.0,0.0,74414.8415
2022-08-20,262383.022,193344.85,69038.17199999999,0.0,0.0,69038.17199999999
2022-08-21,407527.258,294602.57,112924.688,0.0,0.0,112924.688
2022-08-22,250448.016,184647.27000000002,65800.74599999998,0.0,0.0,65800.74599999998
2022-08-23,241153.9875,177522.26,63631.72749999999,0.0,0.0,63631.72749999999
2022-08-24,193823.412,139065.47999999998,54757.932,0.0,0.0,54757.932
2022-08-25,238836.1315,182488.38,56347.751500000006,0.0,0.0,56347.751500000006
2022-08-26,258094.0325,179103.97,78990.0625,0.0,0.0,78990.0625
2022-08-27,121673.91,95303.94,26369.970000000005,0.0,0.0,26369.970000000005
2022-08-28,392964.24199999997,280932.75,112031.49199999998,0.0,0.0,112031.49199999998
2022-08-29,183434.619,135805.33000000002,47629.289,0.0,0.0,47629.289
2022-08-30,139406.604,104387.59,35019.013999999996,0.0,0.0,35019.013999999996
2022-08-31,244401.4205,185871.86,58529.5605,0.0,0.0,58529.5605
2022-09-01,306315.342,220955.64,85359.702,0.0,0.0,85359.702
2022-09-02,327193.8005,233691.71000000002,93502.09049999999,0.0,0.0,93502.09049999999
2022-09-03,544170.888,398319.82,145851.068,0.0,0.0,145851.068
2022-09-04,203193.3055,152777.94,50415.3655,0.0,0.0,50415.3655
2022-09-05,247350.54700000002,194438.45,52912.09700000001,0.0,0.0,52912.09700000001
2022-09-06,216556.3075,167629.78999999998,48926.5175,0.0,0.0,48926.5175
2022-09-07,127329.9365,106370.5,20959.436500000007,0.0,0.0,20959.436500000007
2022-09-08,302365.524,215709.44999999998,86656.074,0.0,0.0,86656.074
2022-09-09,242305.939,183292.6,59013.33900000001,0.0,0.0,59013.33900000001
2022-09-10,116164.059,85202.21,30961.849,0.0,0.0,30961.849
2022-09-11,264489.944,202008.11000000002,62481.83399999998,0.0,0.0,62481.83399999998
2022-09-12,425935.96249999997,335508.66,90427.30249999999,0.0,0.0,90427.30249999999
2022-09-13,246567.42299999998,181848.4,64719.02299999998,0.0,0.0,64719.02299999998
2022-09-14,216250.0,153639.0,62610.99999999999,0.0,0.0,62610.99999999999
2022-09-15,222476.44150000002,173613.33,48863.11149999999,0.0,0.0,48863.11149999999
2022-09-16,436813.012,340444.82,96368.192,0.0,0.0,96368.192
2022-09-17,225026.18,176565.91,48460.27,0.0,0.0,48460.27
2022-09-18,227022.653,158907.46,68115.193,0.0,0.0,68115.193
2022-09-19,197617.217,145432.06,52185.15699999999,0.0,0.0,52185.15699999999
2022-09-20,295778.97,218051.46,77727.51000000001,0.0,0.0,77727.51000000001
2022-09-21,177133.264,129918.14,47215.123999999996,0.0,0.0,47215.123999999996
2022-09-22,39403.794,29306.95,10096.844000000005,0.0,0.0,10096.844000000005
2022-09-23,454584.6845,345849.24,108735.44449999998,0.0,0.0,108735.44449999998
2022-09-24,179084.952,128940.23000000001,50144.72199999998,0.0,0.0,50144.72199999998
2022-09-25,271376.623,189014.22999999998,82362.393,0.0,0.0,82362.393
2022-09-26,359009.251,263056.55,95952.701,0.0,0.0,95952.701
2022-09-27,292698.9175,207981.83000000002,84717.0875,0.0,0.0,84717.0875
2022-09-28,337253.8285,255604.78,81649.04849999999,0.0,0.0,81649.04849999999
2022-09-29,224126.0715,156952.02000000002,67174.05149999999,0.0,0.0,67174.05149999999
2022-09-30,275216.01900000003,197719.27000000002,77496.749,0.0,0.0,77496.749
2022-10-01,755686.38,573023.33,182663.04999999996,0.0,0.0,182663.04999999996
2022-10-02,560506.808,411273.74,149233.06800000003,0.0,0.0,149233.06800000003
2022-10-03,536280.774,394626.49,141654.28399999999,0.0,0.0,141654.28399999999
2022-10-04,611507.6140000001,445775.17000000004,165732.44399999996,0.0,0.0,165732.44399999996
2022-10-05,484370.18450000003,376119.87,108250.31450000002,0.0,0.0,108250.31450000002
2022-10-06,387798.5255,278347.15,109451.37550000001,0.0,0.0,109451.37550000001
2022-10-07,676914.643,494552.41000000003,182362.23299999998,0.0,0.0,182362.23299999998
2022-10-08,808873.66,587882.11,220991.55,0.0,0.0,220991.55
2022-10-09,842469.2204999999,607178.93,235290.29049999997,0.0,0.0,235290.29049999997
2022-10-10,299957.9735,209358.33000000002,90599.64349999999,0.0,0.0,90599.64349999999
2022-10-11,499731.8455,376765.15,122966.6955,0.0,0.0,122966.6955
2022-10-12,592008.9695,432039.18,159969.78949999998,0.0,0.0,159969.78949999998
2022-10-13,330103.23350000003,257422.51,72680.72350000001,0.0,0.0,72680.72350000001
2022-10-14,605955.5205,442021.02,163934.5005,0.0,0.0,163934.5005
2022-10-15,523425.27749999997,383900.49,139524.78749999998,0.0,0.0,139524.78749999998
2022-10-16,658748.971,487259.98000000004,171488.991,0.0,0.0,171488.991
2022-10-17,350186.076,263045.15,87140.92599999999,0.0,0.0,87140.92599999999
2022-10-18,336178.0075,252349.15,83828.8575,0.0,0.0,83828.8575
2022-10-19,728977.9795,545494.54,183483.4395,0.0,0.0,183483.4395
2022-10-20,598156.665,437404.59,160752.075,0.0,0.0,160752.075
2022-10-21,486216.145,360528.42,125687.72500000002,0.0,0.0,125687.72500000002
2022-10-22,254055.202,190184.24,63870.962,0.0,0.0,63870.962
2022-10-23,750828.045,566091.2,184736.845,0.0,0.0,184736.845
2022-10-24,388259.99700000003,288124.34,100135.657,0.0,0.0,100135.657
2022-10-25,512171.096,370905.94,141265.15600000002,0.0,0.0,141265.15600000002
2022-10-26,691895.3255,501342.91,190552.4155,0.0,0.0,190552.4155
2022-10-27,503600.507,371470.91000000003,132129.59699999995,0.0,0.0,132129.59699999995
2022-10-28,459536.7665,355073.27,104463.49650000001,0.0,0.0,104463.49650000001
2022-10-29,472107.239,361273.41,110833.829,0.0,0.0,110833.829
2022-10-30,484482.17699999997,346366.29,138115.887,0.0,0.0,138115.887
2022-10-31,252045.8625,189526.6,62519.2625,0.0,0.0,62519.2625
2022-11-01,412305.4625,303371.76,108933.70249999998,0.0,0.0,108933.70249999998
2022-11-02,426009.9865,320945.73,105064.25649999999,0.0,0.0,105064.25649999999
2022-11-03,416512.566,305291.57,111220.996,0.0,0.0,111220.996
2022-11-04,445245.694,345214.15,100031.544,0.0,0.0,100031.544
2022-11-05,343256.506,255324.99,87931.516,0.0,0.0,87931.516
2022-11-06,270067.872,204684.32,65383.551999999996,0.0,0.0,65383.551999999996
2022-11-07,258959.647,182898.53,76061.117,0.0,0.0,76061.117
2022-11-08,426918.789,320566.19,106352.59900000002,0.0,0.0,106352.59900000002
2022-11-09,152038.81100000002,122076.89,29961.921000000002,0.0,0.0,29961.921000000002
2022-11-10,621622.15,453773.47000000003,167848.68,0.0,0.0,167848.68
2022-11-11,569935.287,408629.21,161306.077,0.0,0.0,161306.077
2022-11-12,649094.1995,479123.01,169971.18949999998,0.0,0.0,169971.18949999998
2022-11-13,744174.5455,558248.49,185926.0555,0.0,0.0,185926.0555
2022-11-14,505865.446,371690.65,134174.79599999997,0.0,0.0,134174.79599999997
2022-11-15,577539.843,432103.76,145436.083,0.0,0.0,145436.083
2022-11-16,565314.334,411521.15,153793.184,0.0,0.0,153793.184
2022-11-17,546146.328,400913.47000000003,145232.85799999998,0.0,0.0,145232.85799999998
2022-11-18,505102.7655,374201.9,130900.86549999999,0.0,0.0,130900.86549999999
2022-11-19,504671.014,362388.33,142282.68399999998,0.0,0.0,142282.68399999998
2022-11-20,587778.8350000001,442927.93,144850.90500000003,0.0,0.0,144850.90500000003
2022-11-21,412201.1135,306617.79,105583.3235,0.0,0.0,105583.3235
2022-11-22,788680.1575,574128.69,214551.4675,0.0,0.0,214551.4675
2022-11-23,533749.801,385659.82,148089.98099999997,0.0,0.0,148089.98099999997
2022-11-24,313642.3515,239898.11000000002,73744.24149999999,0.0,0.0,73744.24149999999
2022-11-25,369456.937,287629.55,81827.387,0.0,0.0,81827.387
2022-11-26,421439.5395,325701.23,95738.3095,0.0,0.0,95738.3095
2022-11-27,486621.608,368447.47000000003,118174.138,0.0,0.0,118174.138
2022-11-28,305178.436,229574.69,75603.74599999998,0.0,0.0,75603.74599999998
2022-11-29,602851.759,456236.52,146615.239,0.0,0.0,146615.239
2022-11-30,603841.0105,486712.35000000003,117128.66049999998,0.0,0.0,117128.66049999998
2022-12-01,665207.3735,487211.49,177995.88350000003,0.0,0.0,177995.88350000003
2022-12-02,569143.8605,420632.38,148511.4805,0.0,0.0,148511.4805
2022-12-03,627056.98,435930.10000000003,191126.87999999998,0.0,0.0,191126.87999999998
2022-12-04,745644.71,579783.16,165861.55,0.0,0.0,165861.55
2022-12-05,414188.4815,289402.47000000003,124786.0115,0.0,0.0,124786.0115
2022-12-06,235125.258,174392.61,60732.648,0.0,0.0,60732.648
2022-12-07,409141.43,298513.63,110627.8,0.0,0.0,110627.8
2022-12-08,442937.612,336976.41000000003,105961.202,0.0,0.0,105961.202
2022-12-09,569938.4905,434765.96,135172.53049999996,0.0,0.0,135172.53049999996
2022-12-10,782133.795,614290.92,167842.87499999997,0.0,0.0,167842.87499999997
2022-12-11,431769.8615,313451.21,118318.65149999999,0.0,0.0,118318.65149999999
2022-12-12,468777.0935,365517.57,103259.52349999998,0.0,0.0,103259.52349999998
2022-12-13,489057.092,364812.11000000004,124244.98199999999,0.0,0.0,124244.98199999999
2022-12-14,564169.9375,421299.32,142870.6175,0.0,0.0,142870.6175
2022-12-15,694577.383,522840.43000000005,171736.95299999998,0.0,0.0,171736.95299999998
2022-12-16,436326.3775,330856.99,105469.3875,0.0,0.0,105469.3875
2022-12-17,596783.154,419245.0,177538.154,0.0,0.0,177538.154
2022-12-18,510210.1755,374256.18,135953.9955,0.0,0.0,135953.9955
2022-12-19,295369.4975,213746.87,81622.6275,0.0,0.0,81622.6275
2022-12-20,504611.7005,380143.44,124468.26049999999,0.0,0.0,124468.26049999999
2022-12-21,711550.859,509482.01,202068.849,0.0,0.0,202068.849
2022-12-22,461025.3235,347114.72000000003,113910.6035,0.0,0.0,113910.6035
2022-12-23,576642.2485,436719.44,139922.8085,0.0,0.0,139922.8085
2022-12-24,585117.808,429925.05,155192.758,0.0,0.0,155192.758
2022-12-25,577963.9125,427140.21,150823.70249999998,0.0,0.0,150823.70249999998
2022-12-26,455062.876,329127.14,125935.736,0.0,0.0,125935.736
2022-12-27,719490.0065,513079.81,206410.19650000002,0.0,0.0,206410.19650000002
2022-12-28,511483.489,371878.02999999997,139605.459,0.0,0.0,139605.459
2022-12-29,478204.294,356759.74,121444.554,0.0,0.0,121444.554
2022-12-30,414133.1815,315000.31,99132.87149999998,0.0,0.0,99132.87149999998
2022-12-31,395480.7705,292005.07,103475.70049999999,0.0,0.0,103475.70049999999
2023-01-01,232831.078,164691.63,68139.448,7202.87,2000.0,58936.578
2023-01-02,282477.2585,219909.13,62568.12849999999,12131.34,2000.0,48436.788499999995
2023-01-03,254463.375,194145.55,60317.825,14414.27,2000.0,43903.55499999999
2023-01-04,190709.922,150053.1,40656.822,12802.08,2000.0,25854.742
2023-01-05,423809.51100000006,315721.04,108088.47100000003,7926.83,2000.0,98161.64100000003
2023-01-06,212205.262,152845.83,59359.432,11536.44,2000.0,45822.992
2023-01-07,159066.2405,132617.56,26448.68050000001,10268.44,2000.0,14180.240500000009
2023-01-08,291697.2345,216679.81,75017.4245,7675.35,2000.0,65342.07449999999
2023-01-09,187716.3185,144176.8,43539.51849999999,11977.72,2000.0,29561.79849999999
2023-01-10,90322.338,71221.26,19101.078,10034.45,2000.0,7066.628000000001
2023-01-11,188620.9825,131694.72,56926.2625,5539.98,2000.0,49386.2825
2023-01-12,157450.5225,121216.69,36233.832500000004,14004.25,2000.0,20229.582500000004
2023-01-13,332550.8865,261749.52,70801.3665,12055.02,2000.0,56746.3465
2023-01-14,179888.6765,136623.97,43264.70649999999,11218.72,2000.0,30045.98649999999
2023-01-15,318490.05000000005,224187.48,94302.57,7797.84,2000.0,84504.73000000001
2023-01-16,208959.936,161282.47,47677.465999999986,7035.55,2000.0,38641.91599999998
2023-01-17,235786.04950000002,172403.32,63382.72950000001,6371.31,2000.0,55011.41950000001
2023-01-18,222810.335,159920.23,62890.104999999996,14759.38,2000.0,46130.725
2023-01-19,272257.3345,199285.59,72971.7445,7305.36,2000.0,63666.3845
2023-01-20,169730.075,136516.77000000002,33213.305,12419.09,2000.0,18794.215
2023-01-21,401318.7835,289204.73000000004,112114.0535,7107.7,2000.0,103006.3535
2023-01-22,354064.528,255585.12,98479.408,8723.9,2000.0,87755.508
2023-01-23,211719.204,163008.23,48710.97399999999,13163.8,2000.0,33547.173999999985
2023-01-24,302825.7165,229206.92,73618.79649999998,6419.61,2000.0,65199.18649999998
2023-01-25,164569.457,119612.17,44957.28700000001,14779.1,2000.0,28178.187000000013
2023-01-26,181376.7575,144250.62,37126.137500000004,11983.42,2000.0,23142.717500000006
2023-01-27,208300.2695,148635.38999999998,59664.8795,11499.08,2000.0,46165.7995
2023-01-28,164522.4355,118265.48999999999,46256.945499999994,9537.63,2000.0,34719.3155
2023-01-29,512876.1715,382388.68,130487.49149999999,6142.39,2000.0,122345.10149999999
2023-01-30,457856.42000000004,334680.58,123175.84000000001,9989.07,2000.0,111186.77000000002
2023-01-31,206162.005,154501.41,51660.595,5337.56,2000.0,44323.035
2023-02-01,462963.256,347204.83,115758.426,7779.67,2000.0,105978.75600000001
2023-02-02,351436.505,258960.47,92476.035,8841.77,2000.0,81634.265
2023-02-03,313704.695,228992.59,84712.10500000001,13271.79,2000.0,69440.315
2023-02-04,537357.039,366284.33,171072.709,5844.93,2000.0,163227.779
2023-02-05,366235.24299999996,258245.12000000002,107990.12299999999,7790.92,2000.0,98199.203
2023-02-06,250380.03499999997,187255.39,63124.64499999998,11097.48,2000.0,50027.16499999998
2023-02-07,144191.0695,109264.57,34926.499500000005,9953.57,2000.0,22972.929500000006
2023-02-08,105668.51599999999,77383.83,28284.685999999994,13627.73,2000.0,12656.955999999995
2023-02-09,408553.466,292378.13,116175.33600000001,8846.63,2000.0,105328.706
2023-02-10,366558.853,272739.46,93819.39300000001,5444.16,2000.0,86375.23300000001
2023-02-11,258359.1175,201106.5,57252.61749999999,7057.3,2000.0,48195.31749999999
2023-02-12,390567.416,284326.72000000003,106240.69600000001,6844.27,2000.0,97396.426
2023-02-13,211649.672,150373.89,61275.782,9310.85,2000.0,49964.932
2023-02-14,169311.5005,119715.09,49596.410500000005,5522.6,2000.0,42073.81050000001
2023-02-15,274871.87799999997,200300.3,74571.578,8051.48,2000.0,64520.098
2023-02-16,241149.0875,179830.65,61318.4375,10415.49,2000.0,48902.9475
2023-02-17,100867.1195,78200.95,22666.1695,8478.05,2000.0,12188.1195
2023-02-18,231598.612,181582.41,50016.202000000005,5259.92,2000.0,42756.28200000001
2023-02-19,202711.2265,138380.07,64331.1565,11087.39,2000.0,51243.7665
2023-02-20,230507.40399999998,165516.46,64990.944,13931.69,2000.0,49059.254
2023-02-21,392845.2555,296542.74,96302.51549999998,14226.99,2000.0,80075.52549999997
2023-02-22,174613.5275,133776.19,40837.33750000001,14074.5,2000.0,24762.83750000001
2023-02-23,297601.1695,219558.96999999997,78042.1995,13102.44,2000.0,62939.7595
2023-02-24,248100.792,165393.4,82707.39199999999,10909.59,2000.0,69797.802
2023-02-25,349048.1485,279447.9,69600.2485,12572.52,2000.0,55027.7285
2023-02-26,266313.44,193583.28,72730.15999999997,8409.44,2000.0,62320.71999999997
2023-02-27,264932.877,202345.84,62587.037000000004,13292.39,2000.0,47294.647000000004
2023-02-28,159428.5935,123165.02,36263.573499999984,9340.76,2000.0,24922.813499999982
2023-03-01,245767.16950000002,182557.53,63209.6395,9275.49,2000.0,51934.1495
2023-03-02,212058.71,157086.31,54972.39999999999,12292.26,2000.0,40680.139999999985
2023-03-03,313575.429,215035.43,98539.999,12354.14,2000.0,84185.859
2023-03-04,275826.914,210465.75,65361.16400000001,5571.19,2000.0,57789.97400000001
2023-03-05,288363.1455,206050.36000000002,82312.7855,6092.1,2000.0,74220.68549999999
2023-03-06,232880.522,174201.35,58679.17199999999,8881.11,2000.0,47798.06199999999
2023-03-07,52405.127,37657.340000000004,14747.786999999998,12212.97,2000.0,534.8169999999991
2023-03-08,255195.724,183131.87,72063.854,11779.7,2000.0,58284.15400000001
2023-03-09,248897.7195,196823.64,52074.079500000014,13585.14,2000.0,36488.939500000015
2023-03-10,273887.13800000004,211030.83000000002,62856.30800000001,14379.76,2000.0,46476.54800000001
2023-03-11,258189.393,193551.41,64637.98299999999,9635.03,2000.0,53002.952999999994
2023-03-12,333934.447,250463.21,83471.237,10726.03,2000.0,70745.207
2023-03-13,144767.67,97388.35,47379.32,10683.03,2000.0,34696.29
2023-03-14,262682.272,188668.88,74013.39199999999,10189.13,2000.0,61824.261999999995
2023-03-15,73639.5895,57758.03,15881.559499999998,6625.49,2000.0,7256.069499999998
2023-03-16,264993.74799999996,188650.9,76342.84799999998,8812.91,2000.0,65529.93799999998
2023-03-17,398589.0465,293574.11,105014.9365,12456.34,2000.0,90558.5965
2023-03-18,189075.537,141030.3,48045.23700000001,14246.61,2000.0,31798.627000000008
2023-03-19,321161.8615,253255.66999999998,67906.19149999999,6318.73,2000.0,59587.46149999999
2023-03-20,179463.805,130817.47,48646.335,5151.83,2000.0,41494.505
2023-03-21,294120.2,216878.61,77241.59000000001,12995.89,2000.0,62245.70000000001
2023-03-22,252297.5725,183602.33000000002,68695.2425,14509.67,2000.0,52185.572499999995
2023-03-23,208171.5295,151129.99,57041.5395,5855.37,2000.0,49186.169499999996
2023-03-24,189650.3205,137827.16,51823.160500000005,7499.33,2000.0,42323.830500000004
2023-03-25,145512.255,109788.17,35724.084999999985,10428.05,2000.0,23296.034999999985
2023-03-26,185508.67799999999,138043.57,47465.10799999998,8375.32,2000.0,37089.78799999998
2023-03-27,299427.8465,228416.93,71010.91649999999,8946.01,2000.0,60064.90649999999
2023-03-28,340106.845,262027.78,78079.065,11155.47,2000.0,64923.595
2023-03-29,317980.20650000003,246232.66,71747.5465,8616.95,2000.0,61130.5965
2023-03-30,245978.3685,178058.75,67919.6185,11592.3,2000.0,54327.318499999994
2023-03-31,289381.5265,221634.03,67747.4965,12824.26,2000.0,52923.23649999999
2023-04-01,201881.2495,150803.8,51077.44950000002,13102.59,2000.0,35974.85950000002
2023-04-02,410640.61,296412.69,114227.92,11079.99,2000.0,101147.93
2023-04-03,307810.075,219270.16999999998,88539.90499999997,6243.06,2000.0,80296.84499999997
2023-04-04,152735.246,119423.8,33311.446,10684.41,2000.0,20627.036000000004
2023-04-05,330598.983,254393.21,76205.773,8209.89,2000.0,65995.883
2023-04-06,357017.0495,257640.85,99376.19949999999,7645.18,2000.0,89731.0195
2023-04-07,262929.3945,200948.0,61981.39449999998,6787.84,2000.0,53193.554499999984
2023-04-08,322958.031,243064.93,79893.10100000001,9627.24,2000.0,68265.861
2023-04-09,213745.00400000002,154895.69,58849.314,9399.09,2000.0,47450.224
2023-04-10,219962.94,166341.13,53621.810000000005,9664.4,2000.0,41957.41
2023-04-11,115740.805,83707.09,32033.714999999997,14658.85,2000.0,15374.864999999998
2023-04-12,219100.1625,170105.99,48994.17250000001,9802.08,2000.0,37192.092500000006
2023-04-13,343688.613,240609.74,103078.87299999999,13443.25,2000.0,87635.62299999999
2023-04-14,274529.9855,212270.37,62259.6155,7178.42,2000.0,53081.1955
2023-04-15,540498.326,396642.77999999997,143855.546,5585.85,2000.0,136269.696
2023-04-16,106084.495,82649.61,23434.885000000002,14388.34,2000.0,7046.545000000002
2023-04-17,341581.344,248766.80000000002,92814.544,7764.46,2000.0,83050.08399999999
2023-04-18,264477.109,191613.63999999998,72863.469,11103.29,2000.0,59760.179
2023-04-19,382718.63800000004,279178.2,103540.438,8140.27,2000.0,93400.16799999999
2023-04-20,298588.75299999997,207709.44,90879.313,5640.43,2000.0,83238.883
2023-04-21,355863.863,257891.07,97972.79299999998,6798.04,2000.0,89174.75299999998
2023-04-22,349215.348,254554.47,94660.878,12659.77,2000.0,80001.108
2023-04-23,325616.2715,239509.8,86106.4715,7761.44,2000.0,76345.0315
2023-04-24,468584.181,338868.76,129715.421,13690.55,2000.0,114024.871
2023-04-25,311779.186,230161.66,81617.526,6272.22,2000.0,73345.306
2023-04-26,215214.0975,158227.5,56986.5975,11303.38,2000.0,43683.217500000006
2023-04-27,239559.606,172208.2,67351.406,6469.02,2000.0,58882.386
2023-04-28,229120.548,165728.31,63392.23799999999,11179.49,2000.0,50212.74799999999
2023-04-29,454292.8615,352615.29000000004,101677.57150000003,5495.8,2000.0,94181.77150000003
2023-04-30,211566.61000000002,158753.32,52813.29000000001,6144.47,2000.0,44668.82000000001
2023-05-01,175071.9095,124082.53,50989.3795,5385.02,2000.0,43604.359500000006
2023-05-02,296240.9785,220112.65000000002,76128.3285,11844.41,2000.0,62283.9185
2023-05-03,342120.7875,248930.18,93190.6075,13605.7,2000.0,77584.9075
2023-05-04,170292.8725,122042.2,48250.67249999999,10798.91,2000.0,35451.7625
2023-05-05,228400.6645,182456.38,45944.28450000001,5419.56,2000.0,38524.72450000001
2023-05-06,177925.53100000002,132284.41,45641.12099999999,12173.58,2000.0,31467.54099999999
2023-05-07,381103.3365,281383.13,99720.2065,5608.13,2000.0,92112.0765
2023-05-08,444569.306,326432.51,118136.796,12145.5,2000.0,103991.296
2023-05-09,218020.539,161373.92,56646.61899999999,7590.55,2000.0,47056.06899999999
2023-05-10,325032.172,238512.19,86519.982,7574.45,2000.0,76945.532
2023-05-11,240705.899,185079.56,55626.33899999999,11783.88,2000.0,41842.458999999995
2023-05-12,326255.397,232311.91999999998,93943.47699999998,13574.9,2000.0,78368.57699999999
2023-05-13,316571.3945,238916.12,77655.2745,8533.35,2000.0,67121.9245
2023-05-14,270750.982,232438.19,38312.792,12183.19,2000.0,24129.602
2023-05-15,290652.929,206888.93,83763.999,11005.79,2000.0,70758.209
2023-05-16,168415.8905,126294.85999999999,42121.03050000001,8497.3,2000.0,31623.730500000005
2023-05-17,429470.43950000004,338155.7,91314.73950000003,5774.79,2000.0,83539.94950000003
2023-05-18,122126.48,98210.87,23915.609999999997,9438.13,2000.0,12477.479999999998
2023-05-19,247169.794,182659.15,64510.64399999999,10110.36,2000.0,52400.28399999999
2023-05-20,524733.152,382442.74,142290.412,7369.79,2000.0,132920.622
2023-05-21,185271.843,130403.54999999999,54868.293000000005,8257.89,2000.0,44610.403000000006
2023-05-22,120159.281,92761.36,27397.921,8713.59,2000.0,16684.331
2023-05-23,302104.39149999997,220815.91,81288.4815,13226.93,2000.0,66061.5515
2023-05-24,453979.578,343794.38,110185.198,9159.7,2000.0,99025.498
2023-05-25,223190.4355,162328.7,60861.7355,11418.87,2000.0,47442.8655
2023-05-26,259329.0295,195765.1,63563.9295,13758.53,2000.0,47805.3995
2023-05-27,183652.5375,142342.33000000002,41310.20749999999,6430.79,2000.0,32879.41749999999
2023-05-28,63511.028,46607.82,16903.208,8265.41,2000.0,6637.797999999999
2023-05-29,266734.578,202395.46,64339.117999999995,12881.64,2000.0,49457.477999999996
2023-05-30,196821.23750000002,147854.79,48966.44750000001,8349.86,2000.0,38616.58750000001
2023-05-31,498817.4685,347010.38,151807.0885,9081.38,2000.0,140725.7085
2023-06-01,245844.7785,175151.63,70693.14850000001,11519.78,2000.0,57173.36850000001
2023-06-02,296929.9145,213936.17,82993.7445,9706.85,2000.0,71286.8945
2023-06-03,239859.389,167315.16999999998,72544.219,14735.01,2000.0,55809.208999999995
2023-06-04,299026.2545,224785.97,74240.2845,11219.16,2000.0,61021.12449999999
2023-06-05,68767.263,54327.98,14439.283,6603.13,2000.0,5836.152999999999
2023-06-06,305336.3665,235741.22,69595.14649999999,5446.11,2000.0,62149.03649999999
2023-06-07,385241.01,270791.39,114449.62,14303.09,2000.0,98146.53
2023-06-08,269074.739,212998.67,56076.06899999999,14118.73,2000.0,39957.33899999999
2023-06-09,274598.0795,198698.26,75899.8195,5255.35,2000.0,68644.46949999999
2023-06-10,167736.1995,123468.73,44267.4695,11090.38,2000.0,31177.089500000002
2023-06-11,189794.2285,146582.54,43211.68849999999,13080.34,2000.0,28131.34849999999
2023-06-12,230919.415,177323.3,53596.11500000001,10107.96,2000.0,41488.15500000001
2023-06-13,296922.753,219199.39,77723.363,12808.74,2000.0,62914.623
2023-06-14,401493.735,300826.5,100667.235,10081.82,2000.0,88585.41500000001
2023-06-15,265706.712,200197.68,65509.03199999999,10814.86,2000.0,52694.17199999999
2023-06-16,181020.4235,127652.47,53367.9535,8440.53,2000.0,42927.423500000004
2023-06-17,354459.588,264886.85000000003,89572.73799999998,7148.69,2000.0,80424.04799999998
2023-06-18,275590.6805,201453.22,74137.46049999999,13307.27,2000.0,58830.19049999998
2023-06-19,345597.198,244018.24000000002,101578.958,5326.0,2000.0,94252.958
2023-06-20,279215.184,211368.2,67846.98399999998,12262.6,2000.0,53584.383999999984
2023-06-21,171668.0905,123774.16,47893.93050000001,8810.9,2000.0,37083.03050000001
2023-06-22,251931.5265,178001.13,73930.39650000002,14978.21,2000.0,56952.18650000002
2023-06-23,207773.045,146831.22999999998,60941.815,5784.45,2000.0,53157.365000000005
2023-06-24,258014.781,187924.22,70090.561,5773.11,2000.0,62317.451
2023-06-25,236349.286,181341.09,55008.195999999996,14355.18,2000.0,38653.015999999996
2023-06-26,287771.666,201758.91,86012.75600000002,7245.81,2000.0,76766.94600000003
2023-06-27,96535.013,70846.4,25688.613,10034.96,2000.0,13653.653000000002
2023-06-28,317225.321,231307.68,85917.641,10744.39,2000.0,73173.251
2023-06-29,251041.13999999998,192583.28,58457.86000000001,10482.33,2000.0,45975.530000000006
2023-06-30,245447.311,179645.66,65801.65099999998,9180.8,2000.0,54620.85099999998
2023-07-01,410121.95999999996,306084.55,104037.40999999999,12330.46,2000.0,89706.94999999998
2023-07-02,192614.978,160489.27000000002,32125.708,13475.95,2000.0,16649.757999999998
2023-07-03,299888.43799999997,223491.56,76396.878,10277.56,2000.0,64119.318
2023-07-04,163381.166,123597.01000000001,39784.156,5514.32,2000.0,32269.836000000003
2023-07-05,416030.4875,306287.52,109742.96749999998,9723.29,2000.0,98019.67749999999
2023-07-06,394377.48949999997,282350.96,112026.5295,10244.48,2000.0,99782.04950000001
2023-07-07,361885.0845,264692.27,97192.8145,9410.17,2000.0,85782.6445
2023-07-08,202071.501,153623.35,48448.15099999999,7691.83,2000.0,38756.32099999999
2023-07-09,107505.166,80925.87,26579.296000000002,13360.09,2000.0,11219.206000000002
2023-07-10,118223.9405,96562.71,21661.2305,7930.65,2000.0,11730.580500000002
2023-07-11,340641.3145,256791.36000000002,83849.95449999999,7440.29,2000.0,74409.6645
2023-07-12,463896.3135,337710.82,126185.49350000001,7430.73,2000.0,116754.76350000002
2023-07-13,417207.507,299017.35,118190.15699999998,12676.43,2000.0,103513.72699999998
2023-07-14,317525.512,231964.69,85560.822,8619.65,2000.0,74941.172
2023-07-15,217210.9285,168352.24,48858.68850000001,9558.21,2000.0,37300.47850000001
2023-07-16,269528.049,193132.62,76395.429,12481.88,2000.0,61913.549000000006
2023-07-17,404835.925,305933.03,98902.89499999999,6154.17,2000.0,90748.72499999999
2023-07-18,158425.0975,118501.23000000001,39923.86749999999,7410.46,2000.0,30513.407499999994
2023-07-19,362415.719,299551.91,62863.808999999994,12327.98,2000.0,48535.829
2023-07-20,162880.9945,117233.38,45647.614499999996,13802.27,2000.0,29845.344499999996
2023-07-21,286505.387,213942.0,72563.38700000002,8618.81,2000.0,61944.57700000002
2023-07-22,462496.904,329363.18,133133.724,8519.85,2000.0,122613.87399999998
2023-07-23,376984.61,274003.63,102980.98,10056.43,2000.0,90924.54999999999
2023-07-24,84117.16900000001,63525.450000000004,20591.718999999997,14146.36,2000.0,4445.358999999997
2023-07-25,195656.29450000002,144421.42,51234.87450000001,11533.3,2000.0,37701.57450000002
2023-07-26,255798.905,190414.3,65384.605,11052.19,2000.0,52332.415
2023-07-27,242844.3075,177717.33000000002,65126.97749999999,9489.68,2000.0,53637.29749999999
2023-07-28,243513.2505,173922.21,69591.0405,9188.5,2000.0,58402.5405
2023-07-29,254416.88199999998,182145.82,72271.062,10693.42,2000.0,59577.64200000001
2023-07-30,395987.3815,288547.78,107439.6015,13267.84,2000.0,92171.76150000001
2023-07-31,283797.1825,215990.58,67806.6025,6252.81,2000.0,59553.792499999996
2023-08-01,306717.136,241352.4,65364.736000000004,10376.16,2000.0,52988.576
2023-08-02,296704.0875,223259.69,73444.3975,12764.48,2000.0,58679.91750000001
2023-08-03,161140.506,114214.14,46926.365999999995,9076.17,2000.0,35850.195999999996
2023-08-04,224530.268,161815.23,62715.038000000015,10847.55,2000.0,49867.48800000001
2023-08-05,293008.213,224341.54,68666.673,6381.4,2000.0,60285.272999999994
2023-08-06,191175.3745,143464.32,47711.0545,7602.79,2000.0,38108.2645
2023-08-07,422858.39499999996,308237.14,114621.255,7868.85,2000.0,104752.405
2023-08-08,113910.0365,84988.09999999999,28921.936499999996,8138.44,2000.0,18783.496499999997
2023-08-09,146817.6655,114502.98000000001,32314.685500000003,5815.06,2000.0,24499.625500000002
2023-08-10,309914.911,231733.46,78181.45100000002,9210.23,2000.0,66971.22100000002
2023-08-11,431080.8575,340090.57,90990.28749999998,14832.48,2000.0,74157.80749999998
2023-08-12,152243.161,113641.64,38601.52100000001,10760.12,2000.0,25841.401000000005
2023-08-13,242391.207,181957.88,60433.327,11326.3,2000.0,47107.027
2023-08-14,213156.8725,149330.94,63825.9325,12726.45,2000.0,49099.4825
2023-08-15,398531.2335,276077.5,122453.7335,13998.72,2000.0,106455.0135
2023-08-16,222691.475,167458.44,55233.03500000002,13764.06,2000.0,39468.97500000002
2023-08-17,156970.708,126659.82,30310.888,5155.12,2000.0,23155.768
2023-08-18,260895.517,194947.0,65948.51699999999,6207.89,2000.0,57740.62699999999
2023-08-19,78684.8865,60978.24,17706.6465,7633.76,2000.0,8072.886499999999
2023-08-20,187468.412,150102.62,37365.792,10545.79,2000.0,24820.002
2023-08-21,160366.066,119843.73,40522.336,14301.25,2000.0,24221.086000000003
2023-08-22,277565.578,209232.63,68332.948,12428.54,2000.0,53904.408
2023-08-23,308387.269,231259.82,77127.449,6263.98,2000.0,68863.469
2023-08-24,451936.0195,328705.49,123230.52949999998,5340.76,2000.0,115889.76949999998
2023-08-25,230566.445,182581.49,47984.95500000001,9314.2,2000.0,36670.755000000005
2023-08-26,465015.5515,335259.58,129755.97149999999,11900.47,2000.0,115855.50149999998
2023-08-27,133475.792,106088.86,27386.93199999999,14899.33,2000.0,10487.60199999999
2023-08-28,161156.9025,124847.46,36309.44249999999,6323.78,2000.0,27985.66249999999
2023-08-29,367667.5205,263821.16,103846.36049999998,13668.8,2000.0,88177.56049999998
2023-08-30,397207.9685,295487.55,101720.4185,14186.23,2000.0,85534.1885
2023-08-31,406566.718,302707.35000000003,103859.368,14042.6,2000.0,87816.768
2023-09-01,222744.511,159487.27999999997,63257.231000000014,8543.68,2000.0,52713.551000000014
2023-09-02,385824.967,275814.33,110010.63699999999,9023.18,2000.0,98987.457
2023-09-03,277192.493,207799.27000000002,69393.223,10569.41,2000.0,56823.812999999995
2023-09-04,571158.309,426619.5,144538.80899999998,12119.84,2000.0,130418.96899999998
2023-09-05,172034.963,132348.43,39686.53299999999,6190.3,2000.0,31496.232999999986
2023-09-06,381531.7275,269593.44,111938.28749999999,13974.26,2000.0,95964.0275
2023-09-07,288777.47,218223.08,70554.39,13983.54,2000.0,54570.85
2023-09-08,67465.1005,52068.7,15396.4005,10914.78,2000.0,2481.620499999999
2023-09-09,218270.38799999998,186922.83,31347.557999999997,11166.3,2000.0,18181.257999999998
2023-09-10,279519.56799999997,214373.07,65146.49799999997,14941.34,2000.0,48205.15799999997
2023-09-11,219006.3685,164105.57,54900.79850000002,5452.38,2000.0,47448.41850000002
2023-09-12,132451.0335,97932.75,34518.2835,12387.48,2000.0,20130.803499999998
2023-09-13,301331.38049999997,213876.62,87454.7605,8549.58,2000.0,76905.1805
2023-09-14,413904.617,335149.83,78754.78700000001,9488.95,2000.0,67265.83700000001
2023-09-15,190494.268,143173.94,47320.328,9088.75,2000.0,36231.578
2023-09-16,369147.156,269152.11,99995.046,9497.54,2000.0,88497.506
2023-09-17,202351.321,149721.57,52629.751,13348.05,2000.0,37281.701
2023-09-18,152357.933,108345.78,44012.153,7892.91,2000.0,34119.243
2023-09-19,179883.465,132308.51,47574.954999999994,9771.06,2000.0,35803.895
2023-09-20,218862.19449999998,164381.25,54480.94449999999,6346.06,2000.0,46134.88449999999
2023-09-21,130796.989,90535.94,40261.049,6834.51,2000.0,31426.538999999997
2023-09-22,469115.3545,355839.21,113276.14450000001,12659.56,2000.0,98616.58450000001
2023-09-23,128022.976,90876.92000000001,37146.05599999999,14163.42,2000.0,20982.63599999999
2023-09-24,227217.884,162372.68,64845.204,14366.21,2000.0,48478.994
2023-09-25,137149.559,101099.14,36050.418999999994,5837.89,2000.0,28212.528999999995
2023-09-26,170728.13,118198.91,52529.219999999994,13955.99,2000.0,36573.229999999996
2023-09-27,114422.9085,85434.06,28988.848499999996,10935.53,2000.0,16053.318499999994
2023-09-28,187395.9535,142865.64,44530.3135,8698.74,2000.0,33831.5735
2023-09-29,290626.219,219647.74,70978.47899999999,11494.05,2000.0,57484.42899999999
2023-09-30,231972.916,174377.7,57595.21599999999,8793.75,2000.0,46801.46599999999
2023-10-01,578053.2055,428731.33999999997,149321.86549999999,9385.87,2000.0,137935.9955
2023-10-02,358414.495,266940.48,91474.015,10086.67,2000.0,79387.345
2023-10-03,729510.286,528681.24,200829.046,10880.81,2000.0,187948.236
2023-10-04,440007.668,319208.69,120798.978,14447.68,2000.0,104351.29800000001
2023-10-05,352800.515,260805.74,91994.77500000001,5968.99,2000.0,84025.785
2023-10-06,547184.026,400463.76,146720.26599999997,7973.49,2000.0,136746.77599999998
2023-10-07,760406.4835,554087.85,206318.6335,8411.17,2000.0,195907.46349999998
2023-10-08,635286.2025,466956.87,168329.3325,10641.31,2000.0,155688.0225
2023-10-09,506924.8325,388199.37,118725.46250000002,13973.02,2000.0,102752.44250000002
2023-10-10,377344.467,279658.9,97685.567,10798.28,2000.0,84887.287
2023-10-11,520100.52,382175.57,137924.94999999998,13440.65,2000.0,122484.29999999999
2023-10-12,563891.2,422127.7,141763.5,9266.9,2000.0,130496.6
2023-10-13,304281.5055,227510.16,76771.3455,8228.0,2000.0,66543.3455
2023-10-14,444556.003,341339.86,103216.14299999998,8185.78,2000.0,93030.36299999998
2023-10-15,325324.503,255990.19,69334.313,6784.16,2000.0,60550.15299999999
2023-10-16,636695.39,452424.42,184270.97,6431.97,2000.0,175839.0
2023-10-17,575235.3355,425554.53,149680.8055,13139.87,2000.0,134540.9355
2023-10-18,368523.6645,267897.89,100625.77449999998,12346.26,2000.0,86279.51449999999
2023-10-19,420837.079,322067.0,98770.07900000003,14892.05,2000.0,81878.02900000002
2023-10-20,806927.031,573685.38,233241.65099999995,7106.81,2000.0,224134.84099999996
2023-10-21,295098.92949999997,222589.82,72509.10949999999,10191.35,2000.0,60317.75949999999
2023-10-22,507159.75149999995,358494.83,148664.9215,10751.38,2000.0,135913.5415
2023-10-23,564703.0205,423136.70999999996,141566.31050000002,11154.77,2000.0,128411.54050000002
2023-10-24,707003.6715,507170.77,199832.9015,5994.67,2000.0,191838.2315
2023-10-25,188252.838,140874.77,47378.068000000014,7847.91,2000.0,37530.15800000001
2023-10-26,503439.45499999996,359456.75,143982.70500000002,6185.51,2000.0,135797.195
2023-10-27,372330.2015,277833.74,94496.4615,7738.49,2000.0,84757.9715
2023-10-28,670918.205,500446.59,170471.61500000002,9389.17,2000.0,159082.445
2023-10-29,644394.143,497913.25,146480.893,13853.49,2000.0,130627.40300000002
2023-10-30,547459.1065,401543.68,145915.42649999997,7884.79,2000.0,136030.63649999996
2023-10-31,775667.1735,583992.84,191674.3335,14176.93,2000.0,175497.40350000001
2023-11-01,651039.8045,489174.23,161865.5745,14888.06,2000.0,144977.5145
2023-11-02,504269.998,389810.47000000003,114459.52799999999,12534.69,2000.0,99924.83799999999
2023-11-03,310352.487,232442.77000000002,77909.71700000002,14245.16,2000.0,61664.557000000015
2023-11-04,601285.6245,451275.62,150010.00449999998,11664.34,2000.0,136345.66449999998
2023-11-05,674102.824,488708.88,185393.944,6410.03,2000.0,176983.914
2023-11-06,646302.5345000001,481288.91000000003,165013.6245,7068.43,2000.0,155945.1945
2023-11-07,604112.372,450821.33999999997,153291.032,13387.9,2000.0,137903.132
2023-11-08,603276.464,451660.01,151616.454,12548.65,2000.0,137067.804
2023-11-09,484393.632,356915.2,127478.43199999999,5273.5,2000.0,120204.93199999999
2023-11-10,738755.1895,536790.38,201964.8095,14025.41,2000.0,185939.3995
2023-11-11,666869.714,500736.88,166132.834,14598.57,2000.0,149534.264
2023-11-12,437526.6725,319849.02,117677.65250000001,10398.3,2000.0,105279.35250000001
2023-11-13,545285.257,386801.06,158484.19700000001,12989.92,2000.0,143494.277
2023-11-14,577863.6585,417500.18,160363.4785,5066.65,2000.0,153296.8285
2023-11-15,493845.567,352887.2,140958.367,13325.04,2000.0,125633.32699999999
2023-11-16,651352.8095000001,498181.42,153171.38950000002,5257.77,2000.0,145913.61950000003
2023-11-17,495414.1625,352151.9,143262.2625,7031.41,2000.0,134230.8525
2023-11-18,560272.603,418888.76,141383.84300000002,14418.06,2000.0,124965.78300000002
2023-11-19,435724.1235,315016.26,120707.8635,10711.65,2000.0,107996.21350000001
2023-11-20,476454.6675,350837.17,125617.49750000001,12320.89,2000.0,111296.60750000001
2023-11-21,485285.84099999996,358986.97000000003,126298.87099999998,10208.94,2000.0,114089.93099999998
2023-11-22,625749.6045,474958.49,150791.11449999997,13310.38,2000.0,135480.73449999996
2023-11-23,529559.3305,409835.2,119724.1305,7949.42,2000.0,109774.7105
2023-11-24,425690.934,312542.51,113148.42399999998,6096.15,2000.0,105052.27399999999
2023-11-25,278685.94,194621.43,84064.51000000001,12063.22,2000.0,70001.29000000001
2023-11-26,456417.61,322649.06,133768.55,13447.44,2000.0,118321.10999999999
2023-11-27,373318.075,281591.11,91726.96500000001,9444.05,2000.0,80282.91500000001
2023-11-28,500999.2705,365672.97,135326.3005,9322.66,2000.0,124003.64050000001
2023-11-29,549823.697,401920.19,147903.50699999998,7630.57,2000.0,138272.93699999998
2023-11-30,626224.5175000001,466226.41000000003,159998.1075,13645.03,2000.0,144353.0775
2023-12-01,569244.226,417333.04,151911.18600000002,14930.77,2000.0,134980.41600000003
2023-12-02,590531.6645,423404.47000000003,167127.19449999998,12316.34,2000.0,152810.8545
2023-12-03,780015.925,596966.9,183049.025,6164.63,2000.0,174884.395
2023-12-04,427812.632,321689.77,106122.862,8537.21,2000.0,95585.652
2023-12-05,435888.4865,316301.4,119587.08650000002,5790.67,2000.0,111796.41650000002
2023-12-06,351559.988,249406.11,102153.878,12933.2,2000.0,87220.678
2023-12-07,297524.373,220605.95,76918.42299999998,12273.62,2000.0,62644.80299999998
2023-12-08,436346.168,323877.39,112468.778,8271.16,2000.0,102197.618
2023-12-09,639762.4675,476243.98,163518.4875,10070.6,2000.0,151447.88749999998
2023-12-10,434556.7755,317929.64,116627.1355,7761.08,2000.0,106866.0555
2023-12-11,428729.76900000003,322663.8,106065.96900000001,11306.24,2000.0,92759.729
2023-12-12,392709.3385,301866.23000000004,90843.1085,10128.44,2000.0,78714.6685
2023-12-13,313915.97000000003,241609.48,72306.48999999999,12770.46,2000.0,57536.02999999999
2023-12-14,322991.0055,252319.27000000002,70671.7355,12068.1,2000.0,56603.6355
2023-12-15,437197.68200000003,324244.83,112952.852,8148.1,2000.0,102804.752
2023-12-16,514315.26949999994,377544.56,136770.70949999997,14247.3,2000.0,120523.40949999997
2023-12-17,489670.162,366818.71,122851.45199999996,9333.78,2000.0,111517.67199999996
2023-12-18,467971.9905,360584.99,107387.0005,14323.68,2000.0,91063.3205
2023-12-19,519675.6165,385521.63,134153.9865,12941.97,2000.0,119212.0165
2023-12-20,593492.594,442264.32,151228.274,8175.27,2000.0,141053.00400000002
2023-12-21,636218.1285,481294.21,154923.9185,13414.31,2000.0,139509.6085
2023-12-22,326520.2185,240130.83,86389.3885,11611.3,2000.0,72778.0885
2023-12-23,520900.9035,378344.55,142556.3535,13775.74,2000.0,126780.61349999999
2023-12-24,786641.884,585729.81,200912.074,5356.36,2000.0,193555.714
2023-12-25,316773.4165,238388.5,78384.91649999999,11344.97,2000.0,65039.94649999999
2023-12-26,341305.483,244930.36,96375.12299999999,5079.71,2000.0,89295.41299999999
2023-12-27,796108.343,566267.91,229840.43300000002,6368.75,2000.0,221471.68300000002
2023-12-28,483039.02349999995,365904.2,117134.82349999998,8762.09,2000.0,106372.73349999999
2023-12-29,499122.0505,383240.84,115881.2105,14431.62,2000.0,99449.5905
2023-12-30,559847.1875,418232.69,141614.49749999997,11733.48,2000.0,127881.01749999997
2023-12-31,903628.473,659761.73,243866.743,7652.86,2000.0,234213.883
2024-01-01,213859.571,148265.85,65593.72099999999,6514.33,2000.0,57079.39099999999
2024-01-02,232180.082,174919.98,57260.10199999999,13138.69,2000.0,42121.41199999999
2024-01-03,287739.757,202471.98,85267.77699999999,12335.61,2000.0,70932.16699999999
2024-01-04,364919.386,271860.64,93058.74599999997,7826.0,2000.0,83232.74599999997
2024-01-05,108664.11349999999,85167.20999999999,23496.9035,6985.73,2000.0,14511.1735
2024-01-06,325511.605,237376.37,88135.235,13758.64,2000.0,72376.595
2024-01-07,210127.1475,153623.82,56503.3275,14508.33,2000.0,39994.9975
2024-01-08,289157.2105,223880.17,65277.0405,13571.57,2000.0,49705.4705
2024-01-09,238931.12949999998,177955.91999999998,60975.2095,12494.46,2000.0,46480.7495
2024-01-10,168911.9295,121878.35,47033.5795,5031.98,2000.0,40001.5995
2024-01-11,246263.841,182709.42,63554.42099999998,5672.61,2000.0,55881.81099999998
2024-01-12,242541.764,181722.62,60819.143999999986,10577.37,2000.0,48241.77399999998
2024-01-13,103248.9625,76810.67,26438.292499999996,7085.47,2000.0,17352.822499999995
2024-01-14,322498.404,244674.32,77824.084,6781.15,2000.0,69042.93400000001
2024-01-15,283927.2,201366.44,82560.76000000001,9181.59,2000.0,71379.17000000001
2024-01-16,172411.935,129876.41,42535.525,7630.74,2000.0,32904.785
2024-01-17,359292.732,268495.65,90797.08200000002,8802.9,2000.0,79994.18200000003
2024-01-18,298450.968,215320.62,83130.348,10838.99,2000.0,70291.358
2024-01-19,233562.212,174521.19999999998,59041.011999999995,11377.15,2000.0,45663.861999999994
2024-01-20,336528.724,235892.74,100635.98400000001,9842.33,2000.0,88793.65400000001
2024-01-21,183158.741,150819.6,32339.140999999996,11569.41,2000.0,18769.730999999996
2024-01-22,257166.0555,188220.31,68945.74550000002,6800.64,2000.0,60145.10550000002
2024-01-23,530790.6635,372098.62,158692.0435,8001.01,2000.0,148691.0335
2024-01-24,286628.517,206236.95,80391.567,7318.93,2000.0,71072.63699999999
2024-01-25,238980.46600000001,183884.26,55096.206,7921.16,2000.0,45175.046
2024-01-26,199143.8225,148559.44,50584.38249999999,9850.6,2000.0,38733.782499999994
2024-01-27,379541.224,276144.21,103397.014,12967.46,2000.0,88429.554
2024-01-28,265538.931,197112.78,68426.15099999998,8922.1,2000.0,57504.050999999985
2024-01-29,111457.9825,85344.28,26113.702500000003,8571.28,2000.0,15542.4225
2024-01-30,160467.837,119989.89000000001,40477.947,9809.59,2000.0,28668.357
2024-01-31,270266.796,211361.33000000002,58905.466,5965.33,2000.0,50940.136
2024-02-01,186760.9135,135430.81,51330.103500000005,6123.67,2000.0,43206.43350000001
2024-02-02,346814.2905,255852.06,90962.2305,13808.95,2000.0,75153.28050000001
2024-02-03,482332.4775,357392.4,124940.07749999998,12549.61,2000.0,110390.46749999998
2024-02-04,164538.314,125344.74,39193.57399999999,7872.71,2000.0,29320.863999999994
2024-02-05,225423.0055,161322.6,64100.4055,14693.62,2000.0,47406.7855
2024-02-06,318588.45650000003,219605.36,98983.09649999999,8253.97,2000.0,88729.12649999998
2024-02-07,283039.898,207831.8,75208.098,11624.18,2000.0,61583.918
2024-02-08,293162.1855,227215.94,65946.24549999999,6158.19,2000.0,57788.05549999999
2024-02-09,545508.1785,391640.98,153867.1985,9647.36,2000.0,142219.8385
2024-02-10,232216.687,176621.56,55595.12700000001,8189.06,2000.0,45406.06700000001
2024-02-11,245268.388,182573.62,62694.76799999999,6135.36,2000.0,54559.40799999999
2024-02-12,347572.709,267874.1,79698.609,11969.69,2000.0,65728.919
2024-02-13,121084.725,86512.73,34571.995,12048.19,2000.0,20523.805
2024-02-14,211772.601,161183.83,50588.771,12736.82,2000.0,35851.951
2024-02-15,229235.0605,183458.1,45776.96049999999,9837.39,2000.0,33939.57049999999
2024-02-16,429369.9045,299970.89,129399.01449999996,13047.21,2000.0,114351.80449999997
2024-02-17,168924.1595,124752.68,44171.4795,9891.74,2000.0,32279.739500000003
2024-02-18,296707.239,209224.45,87482.789,9120.03,2000.0,76362.759
2024-02-19,254977.545,184080.89,70896.655,7348.6,2000.0,61548.055
2024-02-20,308581.748,231896.11000000002,76685.63799999999,7909.3,2000.0,66776.33799999999
2024-02-21,263675.1815,214139.2,49535.98149999999,10074.87,2000.0,37461.111499999985
2024-02-22,221460.993,159906.41,61554.583000000006,13898.11,2000.0,45656.473000000005
2024-02-23,177879.89299999998,133208.01,44671.88299999999,12828.28,2000.0,29843.60299999999
2024-02-24,213107.7695,161837.14,51270.62950000001,5608.03,2000.0,43662.59950000001
2024-02-25,148751.15,119198.76,29552.389999999996,12717.99,2000.0,14834.399999999994
2024-02-26,303526.707,223756.07,79770.63699999999,7616.05,2000.0,70154.58699999998
2024-02-27,224551.9525,170512.57,54039.38250000001,8176.18,2000.0,43863.20250000001
2024-02-28,125140.527,97557.91,27582.617000000013,8913.78,2000.0,16668.837000000014
2024-02-29,195250.67200000002,147761.74000000002,47488.932,9419.52,2000.0,36069.412
2024-03-01,334122.3,249005.79,85116.51000000001,8986.8,2000.0,74129.71
2024-03-02,288888.40400000004,211095.75,77792.65400000001,14123.69,2000.0,61668.96400000001
2024-03-03,174324.992,132671.58000000002,41653.41199999999,7683.17,2000.0,31970.24199999999
2024-03-04,211352.562,156638.23,54714.331999999995,12281.87,2000.0,40432.46199999999
2024-03-05,203077.8635,154680.92,48396.9435,8398.42,2000.0,37998.5235
2024-03-06,379648.449,278344.26,101304.18900000001,13185.25,2000.0,86118.93900000001
2024-03-07,223819.485,163604.6,60214.885,8085.11,2000.0,50129.775
2024-03-08,176382.2715,137314.78,39067.4915,9098.12,2000.0,27969.371499999994
2024-03-09,329264.544,246824.75,82439.794,10725.06,2000.0,69714.734
2024-03-10,309543.171,228546.44,80996.731,6665.35,2000.0,72331.381
2024-03-11,328447.846,251102.59999999998,77345.24600000001,7062.01,2000.0,68283.23600000002
2024-03-12,249854.25950000001,190095.93,59758.329500000014,11252.87,2000.0,46505.45950000001
2024-03-13,285444.234,206234.08000000002,79210.154,14478.78,2000.0,62731.373999999996
2024-03-14,267707.0815,188730.28000000003,78976.8015,11133.04,2000.0,65843.7615
2024-03-15,333319.218,251883.02,81436.19799999999,8296.84,2000.0,71139.358
2024-03-16,541680.1124999999,395488.78,146191.3325,11049.61,2000.0,133141.72249999997
2024-03-17,250824.32050000003,189420.84,61403.48050000002,5199.2,2000.0,54204.28050000002
2024-03-18,367714.3295,270388.2,97326.1295,12222.29,2000.0,83103.8395
2024-03-19,119183.6835,86867.55,32316.133499999996,13024.13,2000.0,17292.0035
2024-03-20,370826.02,272916.44,97909.57999999999,5902.53,2000.0,90007.04999999999
2024-03-21,342573.4625,256784.72,85788.7425,12047.31,2000.0,71741.4325
2024-03-22,175786.981,129754.18,46032.80100000001,14122.29,2000.0,29910.511000000006
2024-03-23,89485.4035,66854.28,22631.123499999998,12668.42,2000.0,7962.703499999998
2024-03-24,177105.644,128630.29000000001,48475.35400000001,10528.94,2000.0,35946.414000000004
2024-03-25,199415.258,153904.97000000003,45510.28799999998,11549.32,2000.0,31960.96799999998
2024-03-26,431893.761,306019.87,125873.89099999999,10186.49,2000.0,113687.40099999998
2024-03-27,340184.044,245676.28999999998,94507.754,8620.98,2000.0,83886.774
2024-03-28,254894.4705,184986.82,69907.6505,6984.4,2000.0,60923.2505
2024-03-29,170284.903,117847.13,52437.773,6569.93,2000.0,43867.843
2024-03-30,212022.8225,152755.93,59266.8925,10356.99,2000.0,46909.902500000004
2024-03-31,169934.2255,136095.91,33838.3155,13597.23,2000.0,18241.085499999997
2024-04-01,60302.4685,47287.740000000005,13014.7285,7293.34,2000.0,3721.388499999999
2024-04-02,330023.70650000003,242899.49,87124.2165,13012.85,2000.0,72111.36649999999
2024-04-03,410074.391,306741.37,103333.02100000001,14106.54,2000.0,87226.481
2024-04-04,242838.807,179534.78,63304.027,8315.02,2000.0,52989.007
2024-04-05,473635.175,365400.09,108235.08499999999,7156.15,2000.0,99078.935
2024-04-06,370389.183,270268.49,100120.69300000001,12333.34,2000.0,85787.35300000002
2024-04-07,176371.6575,131190.09999999998,45181.5575,14400.14,2000.0,28781.417500000003
2024-04-08,276344.45399999997,204460.27,71884.184,5360.75,2000.0,64523.433999999994
2024-04-09,288261.9425,205013.47,83248.4725,5200.28,2000.0,76048.1925
2024-04-10,141555.257,105226.72,36328.537,14403.55,2000.0,19924.986999999997
2024-04-11,287566.668,217623.78999999998,69942.878,6025.21,2000.0,61917.668
2024-04-12,285244.8625,202659.13,82585.73249999998,8979.37,2000.0,71606.36249999999
2024-04-13,336917.543,252595.09,84322.453,9849.0,2000.0,72473.453
2024-04-14,182910.6215,133644.3,49266.32149999999,6569.46,2000.0,40696.86149999999
2024-04-15,160732.831,120933.29,39799.541000000005,8014.66,2000.0,29784.881000000005
2024-04-16,379259.664,282866.53,96393.13400000002,7300.05,2000.0,87093.08400000002
2024-04-17,165692.383,116809.64,48882.74300000001,12724.12,2000.0,34158.62300000001
2024-04-18,211859.6405,165196.4,46663.2405,7473.09,2000.0,37190.1505
2024-04-19,230863.66600000003,178292.54,52571.12600000001,7724.58,2000.0,42846.54600000001
2024-04-20,461305.47099999996,327549.13,133756.341,6236.43,2000.0,125519.911
2024-04-21,201872.92,149251.4,52621.520000000004,12840.54,2000.0,37780.98
2024-04-22,298595.18700000003,222620.66,75974.52700000002,11552.76,2000.0,62421.767000000014
2024-04-23,266884.998,203337.5,63547.49800000001,6311.93,2000.0,55235.56800000001
2024-04-24,161434.9805,121911.29,39523.6905,12405.26,2000.0,25118.430499999995
2024-04-25,296770.96900000004,227656.6,69114.36899999999,7699.99,2000.0,59414.37899999999
2024-04-26,234200.7865,167265.94999999998,66934.8365,5849.17,2000.0,59085.66650000001
2024-04-27,233992.6305,176089.67,57902.9605,5738.9,2000.0,50164.0605
2024-04-28,238972.17,182253.98,56718.19,12221.13,2000.0,42497.060000000005
2024-04-29,329746.3165,224082.41,105663.90650000001,12623.86,2000.0,91040.04650000001
2024-04-30,191865.8405,146809.07,45056.7705,9153.8,2000.0,33902.970499999996
2024-05-01,190332.8,150864.27,39468.53,5147.42,2000.0,32321.11
2024-05-02,338971.701,258229.14,80742.561,13302.52,2000.0,65440.041
2024-05-03,326436.3055,237928.71,88507.59550000001,11048.72,2000.0,75458.87550000001
2024-05-04,191146.513,154538.31,36608.20299999999,6518.48,2000.0,28089.722999999987
2024-05-05,186694.99300000002,136615.95,50079.043000000005,12358.73,2000.0,35720.31300000001
2024-05-06,335495.167,239428.37,96066.797,12926.2,2000.0,81140.59700000001
2024-05-07,424983.006,298160.28,126822.726,6942.84,2000.0,117879.886
2024-05-08,260035.01799999998,193698.89,66336.128,11056.92,2000.0,53279.208
2024-05-09,255635.595,185158.0,70477.595,8121.9,2000.0,60355.695
2024-05-10,398803.5975,306940.83,91862.76749999997,8237.27,2000.0,81625.49749999997
2024-05-11,224942.7335,162614.39,62328.343499999995,10123.56,2000.0,50204.7835
2024-05-12,604968.813,446860.32,158108.493,5234.32,2000.0,150874.17299999998
2024-05-13,383006.329,269221.33,113784.99900000001,7740.5,2000.0,104044.49900000001
2024-05-14,199199.573,146946.32,52253.253000000004,7026.67,2000.0,43226.583000000006
2024-05-15,410000.8435,319948.32,90052.5235,7642.7,2000.0,80409.8235
2024-05-16,422535.469,318672.31,103863.159,11560.51,2000.0,90302.649
2024-05-17,162772.16999999998,117552.59,45219.579999999994,9714.0,2000.0,33505.579999999994
2024-05-18,409136.243,300704.48,108431.76299999999,7912.39,2000.0,98519.37299999999
2024-05-19,256822.553,193752.52,63070.033,5930.62,2000.0,55139.413
2024-05-20,346421.9055,262200.45999999996,84221.4455,14668.86,2000.0,67552.5855
2024-05-21,229679.30550000002,167172.05,62507.2555,10609.96,2000.0,49897.2955
2024-05-22,296066.62799999997,216732.43,79334.19799999999,9833.5,2000.0,67500.69799999999
2024-05-23,311879.083,228407.63999999998,83471.443,14076.66,2000.0,67394.783
2024-05-24,261308.21050000002,190414.64,70893.5705,10332.04,2000.0,58561.5305
2024-05-25,282081.545,198105.83000000002,83975.71499999998,7446.14,2000.0,74529.57499999998
2024-05-26,136763.34,98897.23000000001,37866.11,5172.13,2000.0,30693.98
2024-05-27,140499.2265,105492.28,35006.94649999999,9970.35,2000.0,23036.596499999992
2024-05-28,194152.273,140005.38,54146.893000000004,8936.45,2000.0,43210.443
2024-05-29,329322.227,243395.32,85926.907,8727.38,2000.0,75199.527
2024-05-30,168022.124,123125.51000000001,44896.614,10465.81,2000.0,32430.804000000004
2024-05-31,328104.2755,241524.58000000002,86579.6955,6083.04,2000.0,78496.65550000001
2024-06-01,188553.90199999997,134702.19,53851.71199999999,7240.61,2000.0,44611.10199999999
2024-06-02,213138.476,167225.72,45912.755999999994,14751.91,2000.0,29160.845999999994
2024-06-03,250523.9345,168904.65,81619.2845,8973.49,2000.0,70645.79449999999
2024-06-04,130387.2675,95121.41,35265.8575,7321.16,2000.0,25944.6975
2024-06-05,421120.134,311886.51,109233.624,8698.22,2000.0,98535.404
2024-06-06,151577.3655,120229.55,31347.815499999993,10631.53,2000.0,18716.28549999999
2024-06-07,88871.8235,67006.14,21865.683500000003,11428.19,2000.0,8437.493500000002
2024-06-08,404146.273,295354.94,108791.33299999998,8324.35,2000.0,98466.98299999998
2024-06-09,345366.58749999997,245141.15,100225.43750000001,13096.81,2000.0,85128.62750000002
2024-06-10,231281.6075,161761.96,69519.64749999999,14758.17,2000.0,52761.47749999999
2024-06-11,173020.3585,122662.99,50357.3685,5953.89,2000.0,42403.4785
2024-06-12,224238.845,179666.11,44572.73500000001,6692.56,2000.0,35880.17500000001
2024-06-13,372413.4955,264324.44,108089.05549999999,13648.28,2000.0,92440.77549999999
2024-06-14,205942.163,152943.0,52999.16299999999,9898.11,2000.0,41101.05299999999
2024-06-15,256134.27850000001,179468.9,76665.3785,7499.69,2000.0,67165.6885
2024-06-16,263683.3055,193962.57,69720.7355,6413.31,2000.0,61307.4255
2024-06-17,354891.53150000004,266870.56,88020.97150000001,11164.88,2000.0,74856.09150000001
2024-06-18,318993.0095,252127.93,66865.0795,9735.15,2000.0,55129.929500000006
2024-06-19,296306.046,210919.85,85386.196,12230.32,2000.0,71155.87599999999
2024-06-20,204590.9425,156175.75,48415.192500000005,10666.39,2000.0,35748.802500000005
2024-06-21,389691.864,292727.84,96964.02399999999,7324.3,2000.0,87639.72399999999
2024-06-22,240087.991,187392.39,52695.601,12674.08,2000.0,38021.521
2024-06-23,223416.40949999998,165823.03,57593.379499999995,7520.24,2000.0,48073.1395
2024-06-24,414863.7595,301311.03,113552.72949999999,8114.55,2000.0,103438.17949999998
2024-06-25,240673.064,178463.93999999997,62209.123999999996,8378.68,2000.0,51830.443999999996
2024-06-26,545821.164,402579.4,143241.764,6506.12,2000.0,134735.644
2024-06-27,460186.298,343435.34,116750.95800000001,8214.43,2000.0,106536.52800000002
2024-06-28,355756.2795,249583.29,106172.9895,10653.12,2000.0,93519.8695
2024-06-29,211505.439,156794.35,54711.088999999985,9065.34,2000.0,43645.74899999998
2024-06-30,263391.9425,189322.31,74069.63249999999,5055.72,2000.0,67013.91249999999
2024-07-01,193364.05599999998,148308.5,45055.55599999998,11903.97,2000.0,31151.58599999998
2024-07-02,281356.802,213190.27,68166.532,12550.38,2000.0,53616.15200000001
2024-07-03,246012.923,191446.12,54566.80300000001,12946.96,2000.0,39619.84300000001
2024-07-04,160701.363,126050.53000000001,34650.83299999999,10455.89,2000.0,22194.942999999992
2024-07-05,332481.221,231793.38,100687.841,8130.16,2000.0,90557.681
2024-07-06,81073.518,64001.759999999995,17071.758,11520.09,2000.0,3551.6680000000015
2024-07-07,423889.4695,309790.34,114099.1295,8218.38,2000.0,103880.74949999999
2024-07-08,217003.49999999997,156790.31,60213.18999999999,12088.68,2000.0,46124.50999999999
2024-07-09,192016.205,143066.63,48949.57499999999,10144.31,2000.0,36805.26499999999
2024-07-10,302856.405,223237.18,79619.22499999999,13586.53,2000.0,64032.69499999999
2024-07-11,267220.8735,210323.3,56897.5735,14927.55,2000.0,39970.023499999996
2024-07-12,269594.3495,191138.16,78456.1895,5814.34,2000.0,70641.8495
2024-07-13,485521.4085,360415.31,125106.09850000001,6050.44,2000.0,117055.6585
2024-07-14,266017.529,187312.80000000002,78704.72899999999,11992.56,2000.0,64712.168999999994
2024-07-15,198017.7075,154978.96,43038.747500000005,8756.86,2000.0,32281.887500000004
2024-07-16,219421.2725,163647.29,55773.982500000006,12568.87,2000.0,41205.1125
2024-07-17,457366.2375,336450.54,120915.69750000001,6620.93,2000.0,112294.76750000002
2024-07-18,482739.5685,351150.86000000004,131588.70849999998,12481.49,2000.0,117107.21849999997
2024-07-19,288046.3375,206403.51,81642.8275,6661.97,2000.0,72980.8575
2024-07-20,238619.2465,177294.86,61324.38650000001,9376.01,2000.0,49948.376500000006
2024-07-21,157015.929,116876.67,40139.259,14719.16,2000.0,23420.099
2024-07-22,195037.62099999998,144390.59,50647.03099999999,5390.62,2000.0,43256.410999999986
2024-07-23,218660.153,149926.62,68733.533,9241.82,2000.0,57491.712999999996
2024-07-24,167012.2735,123458.1,43554.173500000004,6707.22,2000.0,34846.9535
2024-07-25,84265.619,63263.19,21002.429,13031.54,2000.0,5970.888999999999
2024-07-26,240108.5895,190860.02000000002,49248.5695,9871.93,2000.0,37376.6395
2024-07-27,266565.448,195175.27,71390.17799999999,12489.93,2000.0,56900.247999999985
2024-07-28,338609.8425,245747.32,92862.52250000002,10470.85,2000.0,80391.67250000002
2024-07-29,253056.4295,175828.28999999998,77228.1395,8994.06,2000.0,66234.0795
2024-07-30,295837.8095,216132.25,79705.55949999999,7967.51,2000.0,69738.0495
2024-07-31,299332.436,235120.43000000002,64212.006,9354.79,2000.0,52857.216
2024-08-01,190046.3695,139579.18,50467.18949999999,7942.24,2000.0,40524.949499999995
2024-08-02,496268.6025,352420.42000000004,143848.18249999997,14219.7,2000.0,127628.48249999997
2024-08-03,107035.988,86700.81,20335.17799999999,11766.83,2000.0,6568.347999999989
2024-08-04,384735.141,290681.86,94053.28099999999,10224.8,2000.0,81828.48099999999
2024-08-05,292294.3,211966.32,80327.98,11151.0,2000.0,67176.98
2024-08-06,44339.7245,34156.8,10182.9245,8716.32,2000.0,-533.3955000000005
2024-08-07,348683.0185,251756.72,96926.2985,11502.21,2000.0,83424.08850000001
2024-08-08,153189.852,117984.57,35205.28200000001,6415.18,2000.0,26790.102000000006
2024-08-09,313156.6695,223086.27000000002,90070.39950000001,10232.51,2000.0,77837.88950000002
2024-08-10,166395.454,129965.45000000001,36430.004,7044.62,2000.0,27385.384000000002
2024-08-11,285352.441,220344.48,65007.96099999998,11140.0,2000.0,51867.96099999998
2024-08-12,125314.2,98976.06999999999,26338.130000000005,12144.75,2000.0,12193.380000000005
2024-08-13,239555.529,180181.53,59373.998999999996,10193.8,2000.0,47180.19899999999
2024-08-14,299296.03949999996,227073.76,72222.27949999999,7512.39,2000.0,62709.88949999999
2024-08-15,164892.729,130397.32,34495.40899999999,9628.8,2000.0,22866.608999999993
2024-08-16,142883.247,109414.22,33469.027,14362.02,2000.0,17107.007
2024-08-17,98848.86,69216.26000000001,29632.599999999995,14270.8,2000.0,13361.799999999996
2024-08-18,130636.067,99269.67000000001,31366.396999999994,12201.3,2000.0,17165.096999999994
2024-08-19,114162.995,82308.31,31854.685,13523.96,2000.0,16330.725000000002
2024-08-20,199844.08200000002,154128.79,45715.29200000001,6353.39,2000.0,37361.90200000001
2024-08-21,420565.478,301571.06,118994.418,10243.78,2000.0,106750.638
2024-08-22,154110.3225,111949.73000000001,42160.5925,13294.08,2000.0,26866.512499999997
2024-08-23,269898.8995,198526.93,71371.9695,5098.21,2000.0,64273.7595
2024-08-24,261336.485,190485.89,70850.595,9163.03,2000.0,59687.565
2024-08-25,164793.806,126711.31,38082.496,6503.49,2000.0,29579.006
2024-08-26,174630.60499999998,126486.05,48144.55499999999,5670.48,2000.0,40474.075
2024-08-27,416385.3355,306099.97000000003,110285.36549999999,14769.76,2000.0,93515.60549999999
2024-08-28,249972.067,175474.16,74497.90699999999,8118.41,2000.0,64379.49699999999
2024-08-29,531559.0125,384151.74,147407.27250000002,6876.74,2000.0,138530.53250000003
2024-08-30,227447.376,172378.91,55068.465999999986,11940.45,2000.0,41128.01599999999
2024-08-31,56895.278,45246.090000000004,11649.188,10377.31,2000.0,-728.1219999999994
2024-09-01,318768.84050000005,241807.53,76961.3105,8310.35,2000.0,66650.9605
2024-09-02,96951.666,74159.0,22792.666,5611.08,2000.0,15181.586000000003
2024-09-03,228340.1,177307.48,51032.619999999995,9686.94,2000.0,39345.67999999999
2024-09-04,157781.4305,119882.70000000001,37898.7305,6564.53,2000.0,29334.2005
2024-09-05,440506.362,315742.37,124763.992,8504.53,2000.0,114259.462
2024-09-06,157428.0025,106750.12,50677.88250000001,10591.56,2000.0,38086.32250000001
2024-09-07,210604.449,161654.92,48949.52900000001,7260.3,2000.0,39689.22900000001
2024-09-08,248207.7415,196925.24,51282.50150000001,11288.22,2000.0,37994.28150000001
2024-09-09,187672.54499999998,141276.92,46395.624999999985,14278.79,2000.0,30116.834999999985
2024-09-10,78276.47,61782.83,16493.64,7745.81,2000.0,6747.829999999998
2024-09-11,173342.8025,130563.42,42779.38249999999,13207.54,2000.0,27571.84249999999
2024-09-12,258792.574,187959.07,70833.504,13680.93,2000.0,55152.574
2024-09-13,228844.0685,157471.06,71373.0085,10844.68,2000.0,58528.328499999996
2024-09-14,216861.6865,168000.87,48860.8165,8057.5,2000.0,38803.3165
2024-09-15,191261.764,148094.54,43167.224,11245.01,2000.0,29922.214
2024-09-16,198928.097,149520.33000000002,49407.767,9032.68,2000.0,38375.087
2024-09-17,157506.709,111786.33,45720.37899999999,7547.49,2000.0,36172.888999999996
2024-09-18,418342.6135,300745.22000000003,117597.39349999998,10410.17,2000.0,105187.22349999998
2024-09-19,139992.685,113432.35,26560.335000000003,11593.68,2000.0,12966.655000000002
2024-09-20,431191.7005,316926.43,114265.2705,5774.76,2000.0,106490.5105
2024-09-21,399354.3385,313021.78,86332.5585,6524.22,2000.0,77808.3385
2024-09-22,322932.465,220051.66999999998,102880.79499999998,12306.58,2000.0,88574.21499999998
2024-09-23,164124.652,123953.86,40170.792,7799.86,2000.0,30370.932
2024-09-24,243525.12,172841.48,70683.64,7629.38,2000.0,61054.26
2024-09-25,295376.4035,217700.46,77675.9435,6023.22,2000.0,69652.7235
2024-09-26,188050.948,134628.23,53422.718,12968.84,2000.0,38453.878
2024-09-27,183007.8515,140442.87,42564.98149999999,10873.17,2000.0,29691.81149999999
2024-09-28,116487.489,94281.77,22205.719,12660.54,2000.0,7545.179
2024-09-29,40657.545,31231.690000000002,9425.855,8301.6,2000.0,-875.7450000000008
2024-09-30,90852.2765,71896.48999999999,18955.78650000001,12719.79,2000.0,4235.996500000008
2024-10-01,500299.547,354203.41000000003,146096.137,10921.7,2000.0,133174.43699999998
2024-10-02,668832.2165,517761.42000000004,151070.7965,7772.38,2000.0,141298.4165
2024-10-03,934880.6510000001,708832.28,226048.37099999998,13073.0,2000.0,210975.37099999998
2024-10-04,448699.3955,332082.2,116617.1955,13713.37,2000.0,100903.8255
2024-10-05,726451.145,535817.29,190633.855,11684.97,2000.0,176948.885
2024-10-06,566199.879,421005.83,145194.049,9734.07,2000.0,133459.979
2024-10-07,420934.4185,318911.98,102022.43849999999,6680.99,2000.0,93341.44849999998
2024-10-08,568551.211,408694.52,159856.691,12833.65,2000.0,145023.041
2024-10-09,457095.13399999996,344864.73,112230.404,14890.87,2000.0,95339.534
2024-10-10,435685.0675,317635.34,118049.7275,5913.38,2000.0,110136.34749999999
2024-10-11,517771.509,381598.04000000004,136173.46899999998,13033.54,2000.0,121139.92899999997
2024-10-12,554604.676,395966.31999999995,158638.356,6464.92,2000.0,150173.436
2024-10-13,515779.093,376396.77999999997,139382.31299999997,6648.18,2000.0,130734.13299999997
2024-10-14,611409.54,468259.36,143150.18,13746.14,2000.0,127404.04
2024-10-15,552725.248,416103.01,136622.238,8233.38,2000.0,126388.85800000001
2024-10-16,610142.2119999999,442907.72000000003,167234.49199999997,13959.53,2000.0,151274.96199999997
2024-10-17,519273.6175,390155.18,129118.4375,5521.89,2000.0,121596.5475
2024-10-18,522510.3715,372042.09,150468.2815,10117.05,2000.0,138351.23150000002
2024-10-19,579309.1895,423699.71,155609.4795,9396.89,2000.0,144212.5895
2024-10-20,645755.5425,456066.13,189689.4125,11648.42,2000.0,176040.9925
2024-10-21,481309.602,351241.73,130067.872,8270.89,2000.0,119796.982
2024-10-22,507383.488,368253.73,139129.758,10003.75,2000.0,127126.008
2024-10-23,479489.22,359348.10000000003,120141.11999999997,6172.96,2000.0,111968.15999999996
2024-10-24,463433.998,333733.58,129700.418,10601.45,2000.0,117098.96800000001
2024-10-25,449754.321,339769.2,109985.121,8773.1,2000.0,99212.021
2024-10-26,616183.305,460145.82,156037.48500000002,8855.3,2000.0,145182.18500000003
2024-10-27,629386.247,448432.59,180953.65699999998,9744.78,2000.0,169208.87699999998
2024-10-28,319618.9385,248740.7,70878.2385,8117.62,2000.0,60760.618500000004
2024-10-29,443758.169,328704.17,115053.999,10219.86,2000.0,102834.139
2024-10-30,589492.627,427140.51,162352.117,10306.86,2000.0,150045.25699999998
2024-10-31,565836.7725,408159.11,157677.6625,13832.86,2000.0,141844.8025
2024-11-01,380493.581,272739.13,107754.45099999997,13421.91,2000.0,92332.54099999997
2024-11-02,460824.58650000003,336361.05,124463.5365,14553.6,2000.0,107909.9365
2024-11-03,465467.33400000003,361417.14,104050.194,14454.9,2000.0,87595.29400000001
2024-11-04,292276.211,214766.7,77509.511,13336.05,2000.0,62173.460999999996
2024-11-05,580119.043,430674.05,149444.993,12113.48,2000.0,135331.51299999998
2024-11-06,851961.5279999999,608637.38,243324.14800000002,13398.76,2000.0,227925.388
2024-11-07,744580.162,564386.91,180193.25199999998,10604.86,2000.0,167588.392
2024-11-08,468397.8765,328532.41,139865.4665,9900.94,2000.0,127964.5265
2024-11-09,522193.965,383600.1,138593.865,12889.65,2000.0,123704.215
2024-11-10,632874.539,460749.93,172124.60899999997,11853.68,2000.0,158270.92899999997
2024-11-11,757878.4175,561757.89,196120.5275,10579.05,2000.0,183541.4775
2024-11-12,642982.1405,444486.7,198495.44049999997,9354.13,2000.0,187141.31049999996
2024-11-13,553997.652,403767.06,150230.592,8481.8,2000.0,139748.79200000002
2024-11-14,500395.27249999996,375978.64,124416.63249999998,5252.96,2000.0,117163.67249999997
2024-11-15,590534.9595,416753.2,173781.75950000001,8656.87,2000.0,163124.88950000002
2024-11-16,592192.0855,418637.37,173554.7155,9660.76,2000.0,161893.95549999998
2024-11-17,442304.448,330801.72000000003,111502.72799999997,11700.39,2000.0,97802.33799999997
2024-11-18,549478.356,402716.11,146762.24599999998,12284.92,2000.0,132477.32599999997
2024-11-19,457796.5315,329486.29,128310.24149999997,7137.8,2000.0,119172.44149999997
2024-11-20,479542.1115,356635.34,122906.7715,10597.94,2000.0,110308.8315
2024-11-21,264443.262,207946.17,56497.092000000004,14979.0,2000.0,39518.092000000004
2024-11-22,424492.554,321788.04,102704.514,14394.07,2000.0,86310.44399999999
2024-11-23,435773.9345,343299.5,92474.43449999999,8824.57,2000.0,81649.8645
2024-11-24,615068.764,457071.29,157997.47400000002,6790.06,2000.0,149207.41400000002
2024-11-25,326413.179,231600.23,94812.949,12476.28,2000.0,80336.669
2024-11-26,403976.86699999997,298832.2,105144.66700000002,5106.72,2000.0,98037.94700000001
2024-11-27,427718.44049999997,308518.5,119199.94049999998,9420.81,2000.0,107779.13049999998
2024-11-28,310156.889,242231.55000000002,67925.339,10260.03,2000.0,55665.30900000001
2024-11-29,604389.292,448129.35,156259.94199999998,5056.15,2000.0,149203.792
2024-11-30,262070.638,199365.74000000002,62704.897999999994,8103.91,2000.0,52600.988
2024-12-01,477072.407,346798.3,130274.10699999999,5941.08,2000.0,122333.02699999999
2024-12-02,473492.6015,353036.61,120455.99149999999,8688.67,2000.0,109767.32149999999
2024-12-03,626585.5109999999,464390.65,162194.86099999998,7537.6,2000.0,152657.26099999997
2024-12-04,499797.16449999996,370598.27,129198.89449999997,14215.64,2000.0,112983.25449999997
2024-12-05,290284.62549999997,214240.84,76043.7855,11067.74,2000.0,62976.0455
2024-12-06,493285.74,361974.95,131310.79,5335.28,2000.0,123975.51000000001
2024-12-07,395995.158,308011.24,87983.91800000002,7749.51,2000.0,78234.40800000002
2024-12-08,471138.9715,341555.59,129583.38150000002,9787.35,2000.0,117796.03150000001
2024-12-09,457295.6935,339543.75,117751.9435,5439.17,2000.0,110312.7735
2024-12-10,492444.5505,364462.24,127982.31049999998,11954.99,2000.0,114027.32049999997
2024-12-11,601783.9685,461448.34,140335.62850000002,7530.38,2000.0,130805.24850000002
2024-12-12,523624.97,366267.0,157357.97,11252.7,2000.0,144105.27
2024-12-13,661250.6435,485897.41000000003,175353.23349999997,14711.41,2000.0,158641.82349999997
2024-12-14,486471.366,365138.07,121333.296,13233.26,2000.0,106100.03600000001
2024-12-15,545599.401,421044.83,124554.57099999998,13631.85,2000.0,108922.72099999998
2024-12-16,536287.2225,387586.60000000003,148700.62249999997,14275.75,2000.0,132424.87249999997
2024-12-17,485007.696,373500.26,111507.43599999999,14972.32,2000.0,94535.11599999998
2024-12-18,447424.177,315935.94,131488.237,11322.4,2000.0,118165.837
2024-12-19,548770.013,412764.54000000004,136005.473,9903.0,2000.0,124102.473
2024-12-20,555386.2035000001,413547.83,141838.37350000002,9734.48,2000.0,130103.8935
2024-12-21,625453.634,492436.17,133017.464,13749.37,2000.0,117268.09400000001
2024-12-22,680664.5495,476962.47,203702.0795,12505.86,2000.0,189196.2195
2024-12-23,388730.292,273540.82,115189.47200000001,13074.31,2000.0,100115.16200000001
2024-12-24,589407.314,432081.94,157325.37399999998,5381.94,2000.0,149943.43399999998
2024-12-25,722233.428,512378.94,209854.48799999998,5288.37,2000.0,202566.118
2024-12-26,381861.644,278548.37,103313.27399999999,13942.65,2000.0,87370.624
2024-12-27,746512.121,530190.27,216321.85099999997,6531.92,2000.0,207789.93099999995
2024-12-28,523182.027,391674.18,131507.84699999998,12361.96,2000.0,117145.88699999999
2024-12-29,507640.4805,353799.8,153840.6805,13709.13,2000.0,138131.55049999998
2024-12-30,420989.17299999995,295988.49,125000.68299999998,6316.48,2000.0,116684.20299999998
2024-12-31,495687.685,386184.33,109503.355,9195.73,2000.0,98307.625
