po_id,date,supplier_id,product_id,quantity,unit_cost,total_cost,delivery_status
PO00001,2025-01-31,SUP015,P00029,156,1657.67,258596.52000000002,In Transit
PO00002,2024-11-10,SUP019,P00039,264,809.06,213591.84,Delivered
PO00003,2022-03-29,SUP008,P00036,201,990.96,199182.96000000002,Delivered
PO00004,2025-08-25,SUP012,P00002,463,1259.97,583366.11,Delivered
PO00005,2025-04-30,SUP001,P00021,363,602.22,218605.86000000002,Delivered
PO00006,2024-01-18,SUP017,P00025,108,1739.53,187869.24,Delivered
PO00007,2023-12-01,SUP015,P00016,239,1216.09,290645.51,Delivered
PO00008,2024-08-15,SUP020,P00044,369,1831.42,675793.98,Delivered
PO00009,2023-10-09,SUP009,P00021,216,602.22,130079.52,Delivered
PO00010,2023-08-24,SUP018,P00014,314,1558.0,489212.0,Delivered
PO00011,2024-06-16,SUP015,P00020,493,745.08,367324.44,Delivered
PO00012,2023-05-24,SUP015,P00008,84,3018.56,253559.04,Pending
PO00013,2025-11-12,SUP006,P00002,103,1259.97,129776.91,Delivered
PO00014,2023-12-04,SUP012,P00018,211,1328.99,280416.89,Delivered
PO00015,2024-09-22,SUP016,P00014,320,1558.0,498560.0,Delivered
PO00016,2025-06-29,SUP016,P00040,286,3241.22,926988.9199999999,Delivered
PO00017,2024-12-12,SUP013,P00024,90,338.12,30430.8,Delivered
PO00018,2022-03-06,SUP007,P00025,58,1739.53,100892.74,In Transit
PO00019,2023-10-10,SUP011,P00024,130,338.12,43955.6,In Transit
PO00020,2023-02-23,SUP005,P00033,280,818.19,229093.2,Delivered
PO00021,2024-11-17,SUP009,P00007,377,1830.66,690158.8200000001,Delivered
PO00022,2024-11-22,SUP005,P00048,148,905.52,134016.96,Delivered
PO00023,2023-12-27,SUP003,P00027,498,1197.77,596489.46,Delivered
PO00024,2023-10-05,SUP005,P00001,267,3440.14,918517.38,Delivered
PO00025,2023-02-02,SUP009,P00039,256,809.06,207119.36,Delivered
PO00026,2024-06-10,SUP019,P00013,112,1591.13,178206.56,In Transit
PO00027,2025-06-18,SUP004,P00032,271,386.3,104687.3,Delivered
PO00028,2022-08-19,SUP015,P00045,220,800.05,176011.0,Delivered
PO00029,2023-06-09,SUP007,P00032,236,386.3,91166.8,Delivered
PO00030,2023-08-01,SUP013,P00042,111,1421.08,157739.88,Delivered
PO00031,2023-10-08,SUP012,P00028,93,3625.16,337139.88,Delivered
PO00032,2025-09-16,SUP007,P00028,239,3625.16,866413.24,Delivered
PO00033,2025-11-01,SUP020,P00027,282,1197.77,337771.14,Delivered
PO00034,2023-12-11,SUP009,P00008,367,3018.56,1107811.52,Delivered
PO00035,2025-06-11,SUP015,P00044,364,1831.42,666636.88,Delivered
PO00036,2025-06-10,SUP017,P00049,491,3776.8,1854408.8,Pending
PO00037,2025-11-10,SUP017,P00003,150,912.38,136857.0,Delivered
PO00038,2025-01-09,SUP002,P00049,179,3776.8,676047.2000000001,Delivered
PO00039,2024-05-04,SUP001,P00037,434,485.74,210811.16,Delivered
PO00040,2025-02-27,SUP006,P00044,465,1831.42,851610.3,Delivered
PO00041,2022-07-22,SUP006,P00017,329,2648.28,871284.1200000001,Delivered
PO00042,2022-07-17,SUP011,P00022,289,758.73,219272.97,In Transit
PO00043,2025-05-09,SUP016,P00006,398,405.25,161289.5,In Transit
PO00044,2024-02-03,SUP019,P00036,395,990.96,391429.2,Delivered
PO00045,2022-05-27,SUP007,P00020,357,745.08,265993.56,Pending
PO00046,2023-07-05,SUP008,P00018,178,1328.99,236560.22,Delivered
PO00047,2023-04-18,SUP010,P00050,148,878.02,129946.95999999999,Delivered
PO00048,2022-05-24,SUP016,P00026,109,1112.72,121286.48,Delivered
PO00049,2024-06-15,SUP012,P00048,86,905.52,77874.72,In Transit
PO00050,2024-10-11,SUP009,P00009,148,1667.07,246726.36,In Transit
PO00051,2022-07-27,SUP020,P00003,201,912.38,183388.38,Delivered
PO00052,2023-09-20,SUP017,P00011,469,2568.64,1204692.16,In Transit
PO00053,2022-09-11,SUP016,P00035,148,645.94,95599.12000000001,Pending
PO00054,2024-07-02,SUP018,P00046,243,909.14,220921.02,Delivered
PO00055,2024-08-14,SUP004,P00041,210,637.28,133828.8,Delivered
PO00056,2023-02-02,SUP016,P00021,453,602.22,272805.66000000003,Delivered
PO00057,2025-11-16,SUP003,P00007,450,1830.66,823797.0,Delivered
PO00058,2023-11-19,SUP019,P00012,424,2759.84,1170172.1600000001,Delivered
PO00059,2022-02-07,SUP013,P00038,100,1418.42,141842.0,In Transit
PO00060,2025-07-30,SUP002,P00027,326,1197.77,390473.02,Delivered
PO00061,2022-10-11,SUP001,P00047,366,3883.7,1421434.2,Delivered
PO00062,2023-07-01,SUP017,P00049,221,3776.8,834672.8,Pending
PO00063,2023-04-22,SUP006,P00046,148,909.14,134552.72,In Transit
PO00064,2024-11-26,SUP017,P00024,351,338.12,118680.12,Pending
PO00065,2025-01-27,SUP020,P00033,240,818.19,196365.6,Delivered
PO00066,2024-07-16,SUP001,P00023,305,604.8,184464.0,Delivered
PO00067,2022-01-18,SUP010,P00025,272,1739.53,473152.16,In Transit
PO00068,2025-09-08,SUP014,P00040,329,3241.22,1066361.38,Delivered
PO00069,2024-05-03,SUP002,P00023,176,604.8,106444.79999999999,Delivered
PO00070,2025-11-10,SUP017,P00026,153,1112.72,170246.16,Delivered
PO00071,2022-09-03,SUP007,P00048,219,905.52,198308.88,In Transit
PO00072,2024-07-09,SUP013,P00024,365,338.12,123413.8,Delivered
PO00073,2022-02-05,SUP020,P00045,370,800.05,296018.5,Delivered
PO00074,2023-02-04,SUP012,P00014,420,1558.0,654360.0,Delivered
PO00075,2025-01-20,SUP002,P00034,337,2216.38,746920.06,Delivered
PO00076,2024-05-03,SUP017,P00025,229,1739.53,398352.37,Delivered
PO00077,2024-12-13,SUP005,P00043,313,1502.72,470351.36,In Transit
PO00078,2024-09-30,SUP005,P00044,152,1831.42,278375.84,Delivered
PO00079,2024-05-26,SUP020,P00032,399,386.3,154133.7,Delivered
PO00080,2024-04-02,SUP020,P00040,193,3241.22,625555.46,Pending
PO00081,2023-09-28,SUP019,P00042,194,1421.08,275689.51999999996,Delivered
PO00082,2024-12-17,SUP005,P00026,166,1112.72,184711.52000000002,Delivered
PO00083,2025-02-24,SUP012,P00009,178,1667.07,296738.45999999996,Delivered
PO00084,2023-05-28,SUP002,P00047,145,3883.7,563136.5,Delivered
PO00085,2023-07-14,SUP008,P00025,286,1739.53,497505.58,Delivered
PO00086,2025-07-19,SUP005,P00039,327,809.06,264562.62,In Transit
PO00087,2025-01-04,SUP016,P00026,484,1112.72,538556.48,In Transit
PO00088,2023-11-28,SUP014,P00029,269,1657.67,445913.23000000004,Delivered
PO00089,2024-10-05,SUP014,P00030,495,778.75,385481.25,In Transit
PO00090,2025-05-12,SUP016,P00016,390,1216.09,474275.1,Delivered
PO00091,2025-08-05,SUP005,P00030,72,778.75,56070.0,Delivered
PO00092,2025-01-28,SUP020,P00034,272,2216.38,602855.36,Delivered
PO00093,2023-03-18,SUP001,P00032,374,386.3,144476.2,Delivered
PO00094,2024-11-05,SUP016,P00024,296,338.12,100083.52,Pending
PO00095,2024-06-14,SUP020,P00032,201,386.3,77646.3,Delivered
PO00096,2023-01-15,SUP001,P00033,494,818.19,404185.86000000004,Delivered
PO00097,2025-07-15,SUP001,P00003,466,912.38,425169.08,Delivered
PO00098,2024-12-02,SUP013,P00044,61,1831.42,111716.62000000001,Delivered
PO00099,2025-06-30,SUP003,P00050,264,878.02,231797.28,Delivered
PO00100,2024-02-15,SUP010,P00029,139,1657.67,230416.13,Delivered
PO00101,2022-04-25,SUP007,P00041,245,637.28,156133.6,Delivered
PO00102,2025-01-03,SUP004,P00029,266,1657.67,440940.22000000003,In Transit
PO00103,2024-01-31,SUP010,P00036,406,990.96,402329.76,In Transit
PO00104,2022-07-11,SUP017,P00035,148,645.94,95599.12000000001,Delivered
PO00105,2024-09-04,SUP007,P00049,145,3776.8,547636.0,Delivered
PO00106,2025-04-28,SUP005,P00032,317,386.3,122457.1,Delivered
PO00107,2022-10-06,SUP003,P00025,410,1739.53,713207.3,Delivered
PO00108,2022-03-03,SUP016,P00020,266,745.08,198191.28,Delivered
PO00109,2023-11-30,SUP017,P00019,149,322.92,48115.08,Delivered
PO00110,2025-06-10,SUP012,P00019,314,322.92,101396.88,Delivered
PO00111,2023-12-19,SUP020,P00031,388,471.55,182961.4,Delivered
PO00112,2022-05-24,SUP003,P00005,445,502.64,223674.8,Delivered
PO00113,2024-06-09,SUP004,P00021,102,602.22,61426.44,In Transit
PO00114,2023-07-23,SUP013,P00039,230,809.06,186083.8,Delivered
PO00115,2024-07-23,SUP005,P00014,212,1558.0,330296.0,In Transit
PO00116,2022-08-23,SUP018,P00011,288,2568.64,739768.32,Delivered
PO00117,2025-01-02,SUP017,P00044,302,1831.42,553088.84,In Transit
PO00118,2025-04-12,SUP008,P00013,219,1591.13,348457.47000000003,Delivered
PO00119,2024-03-05,SUP005,P00002,78,1259.97,98277.66,Delivered
PO00120,2022-12-05,SUP016,P00008,414,3018.56,1249683.84,Delivered
PO00121,2023-05-15,SUP007,P00017,266,2648.28,704442.4800000001,Delivered
PO00122,2024-12-29,SUP019,P00031,494,471.55,232945.7,Delivered
PO00123,2022-06-16,SUP010,P00027,395,1197.77,473119.14999999997,Delivered
PO00124,2025-02-23,SUP013,P00003,190,912.38,173352.2,Delivered
PO00125,2024-12-17,SUP008,P00020,366,745.08,272699.28,In Transit
PO00126,2024-10-21,SUP013,P00003,397,912.38,362214.86,Pending
PO00127,2025-04-29,SUP001,P00049,471,3776.8,1778872.8,Delivered
PO00128,2022-02-27,SUP013,P00044,209,1831.42,382766.78,Delivered
PO00129,2024-03-25,SUP016,P00021,423,602.22,254739.06,Pending
PO00130,2024-02-03,SUP004,P00037,276,485.74,134064.24,Delivered
PO00131,2025-11-26,SUP009,P00047,354,3883.7,1374829.8,Delivered
PO00132,2025-12-09,SUP003,P00001,193,3440.14,663947.02,In Transit
PO00133,2024-08-28,SUP010,P00012,273,2759.84,753436.3200000001,Delivered
PO00134,2022-12-24,SUP008,P00012,171,2759.84,471932.64,Delivered
PO00135,2022-03-31,SUP018,P00008,77,3018.56,232429.12,Delivered
PO00136,2022-02-10,SUP017,P00036,250,990.96,247740.0,Delivered
PO00137,2023-04-06,SUP016,P00028,462,3625.16,1674823.92,Delivered
PO00138,2025-06-30,SUP018,P00006,420,405.25,170205.0,In Transit
PO00139,2023-03-26,SUP018,P00010,300,463.6,139080.0,Delivered
PO00140,2025-02-16,SUP001,P00033,195,818.19,159547.05000000002,Pending
PO00141,2022-06-26,SUP017,P00011,466,2568.64,1196986.24,Delivered
PO00142,2025-01-27,SUP016,P00001,360,3440.14,1238450.4,In Transit
PO00143,2023-12-10,SUP005,P00031,407,471.55,191920.85,Pending
PO00144,2024-11-12,SUP005,P00037,251,485.74,121920.74,In Transit
PO00145,2025-03-14,SUP014,P00021,415,602.22,249921.30000000002,Delivered
PO00146,2023-11-16,SUP004,P00013,495,1591.13,787609.3500000001,In Transit
PO00147,2023-05-03,SUP002,P00032,397,386.3,153361.1,Delivered
PO00148,2022-06-03,SUP003,P00034,428,2216.38,948610.64,Delivered
PO00149,2024-12-13,SUP005,P00044,271,1831.42,496314.82,In Transit
PO00150,2023-02-05,SUP015,P00048,456,905.52,412917.12,In Transit
PO00151,2024-05-02,SUP002,P00014,124,1558.0,193192.0,Delivered
PO00152,2025-12-16,SUP006,P00034,355,2216.38,786814.9,Delivered
PO00153,2024-03-08,SUP019,P00015,496,2016.06,999965.76,In Transit
PO00154,2022-09-06,SUP001,P00038,384,1418.42,544673.28,Delivered
PO00155,2024-01-29,SUP019,P00042,130,1421.08,184740.4,Pending
PO00156,2024-06-18,SUP017,P00010,379,463.6,175704.4,In Transit
PO00157,2024-09-10,SUP002,P00005,311,502.64,156321.04,Delivered
PO00158,2022-07-24,SUP011,P00043,289,1502.72,434286.08,Delivered
PO00159,2022-04-21,SUP016,P00023,144,604.8,87091.2,Delivered
PO00160,2024-06-18,SUP004,P00040,233,3241.22,755204.26,Delivered
PO00161,2025-05-03,SUP018,P00027,110,1197.77,131754.7,Delivered
PO00162,2025-11-27,SUP005,P00021,141,602.22,84913.02,Delivered
PO00163,2023-06-18,SUP006,P00021,50,602.22,30111.0,Delivered
PO00164,2023-06-08,SUP014,P00026,83,1112.72,92355.76000000001,Delivered
PO00165,2025-01-01,SUP015,P00026,170,1112.72,189162.4,Delivered
PO00166,2024-12-15,SUP011,P00030,368,778.75,286580.0,Delivered
PO00167,2022-12-03,SUP004,P00026,306,1112.72,340492.32,Delivered
PO00168,2025-06-30,SUP015,P00015,176,2016.06,354826.56,Pending
PO00169,2023-06-10,SUP014,P00026,265,1112.72,294870.8,In Transit
PO00170,2023-10-28,SUP019,P00014,56,1558.0,87248.0,Delivered
PO00171,2024-07-07,SUP011,P00046,288,909.14,261832.32,Delivered
PO00172,2025-07-21,SUP003,P00038,420,1418.42,595736.4,Delivered
PO00173,2023-04-30,SUP010,P00028,88,3625.16,319014.07999999996,Delivered
PO00174,2025-06-08,SUP012,P00022,74,758.73,56146.020000000004,In Transit
PO00175,2025-05-20,SUP004,P00025,443,1739.53,770611.79,In Transit
PO00176,2022-04-19,SUP015,P00018,277,1328.99,368130.23,Delivered
PO00177,2022-02-03,SUP008,P00047,473,3883.7,1836990.0999999999,Delivered
PO00178,2023-08-18,SUP009,P00042,150,1421.08,213162.0,Delivered
PO00179,2025-07-29,SUP013,P00034,278,2216.38,616153.64,Pending
PO00180,2025-12-31,SUP006,P00022,119,758.73,90288.87,Delivered
PO00181,2023-05-31,SUP011,P00030,495,778.75,385481.25,Delivered
PO00182,2024-04-02,SUP003,P00009,292,1667.07,486784.44,Delivered
PO00183,2022-08-17,SUP006,P00036,371,990.96,367646.16000000003,Delivered
PO00184,2022-03-16,SUP015,P00004,183,811.12,148434.96,Pending
PO00185,2023-05-19,SUP019,P00038,111,1418.42,157444.62,Pending
PO00186,2024-04-26,SUP008,P00011,75,2568.64,192648.0,Delivered
PO00187,2025-08-16,SUP006,P00005,459,502.64,230711.75999999998,Delivered
PO00188,2023-12-25,SUP020,P00033,162,818.19,132546.78,Delivered
PO00189,2022-01-01,SUP014,P00026,369,1112.72,410593.68,Delivered
PO00190,2022-05-19,SUP013,P00036,308,990.96,305215.68,Delivered
PO00191,2023-11-21,SUP005,P00010,456,463.6,211401.6,Delivered
PO00192,2024-06-16,SUP008,P00013,179,1591.13,284812.27,Delivered
PO00193,2025-09-04,SUP009,P00037,322,485.74,156408.28,Delivered
PO00194,2024-06-29,SUP006,P00024,468,338.12,158240.16,Delivered
PO00195,2022-11-14,SUP018,P00044,383,1831.42,701433.86,Pending
PO00196,2025-03-06,SUP012,P00034,84,2216.38,186175.92,Pending
PO00197,2025-09-05,SUP008,P00022,316,758.73,239758.68,In Transit
PO00198,2022-09-27,SUP003,P00030,262,778.75,204032.5,Delivered
PO00199,2024-04-30,SUP004,P00014,138,1558.0,215004.0,In Transit
PO00200,2022-03-30,SUP008,P00018,377,1328.99,501029.23,Delivered
PO00201,2024-03-10,SUP001,P00038,72,1418.42,102126.24,Delivered
PO00202,2024-09-19,SUP017,P00025,274,1739.53,476631.22,Delivered
PO00203,2024-03-31,SUP008,P00040,484,3241.22,1568750.48,Delivered
PO00204,2022-07-17,SUP003,P00006,440,405.25,178310.0,In Transit
PO00205,2023-07-08,SUP015,P00015,206,2016.06,415308.36,Delivered
PO00206,2023-04-23,SUP004,P00039,206,809.06,166666.36,Delivered
PO00207,2025-01-25,SUP001,P00037,303,485.74,147179.22,Delivered
PO00208,2023-06-01,SUP001,P00010,167,463.6,77421.2,In Transit
PO00209,2025-03-28,SUP004,P00047,414,3883.7,1607851.7999999998,Delivered
PO00210,2022-01-15,SUP008,P00029,310,1657.67,513877.7,Delivered
PO00211,2022-11-20,SUP013,P00012,179,2759.84,494011.36000000004,Delivered
PO00212,2023-09-19,SUP004,P00036,331,990.96,328007.76,Delivered
PO00213,2022-03-10,SUP011,P00020,303,745.08,225759.24000000002,Pending
PO00214,2023-07-04,SUP008,P00006,72,405.25,29178.0,Delivered
PO00215,2022-10-29,SUP012,P00043,267,1502.72,401226.24,Delivered
PO00216,2024-08-15,SUP001,P00018,160,1328.99,212638.4,In Transit
PO00217,2023-11-14,SUP012,P00012,405,2759.84,1117735.2,Pending
PO00218,2025-03-02,SUP008,P00037,176,485.74,85490.24,Delivered
PO00219,2023-08-27,SUP009,P00031,100,471.55,47155.0,In Transit
PO00220,2025-08-12,SUP011,P00041,456,637.28,290599.68,Delivered
PO00221,2025-11-29,SUP014,P00026,469,1112.72,521865.68,Delivered
PO00222,2024-04-04,SUP019,P00001,473,3440.14,1627186.22,Delivered
PO00223,2025-12-25,SUP009,P00009,251,1667.07,418434.57,In Transit
PO00224,2022-04-27,SUP009,P00026,340,1112.72,378324.8,Delivered
PO00225,2023-06-21,SUP011,P00026,343,1112.72,381662.96,Delivered
PO00226,2025-05-18,SUP002,P00027,396,1197.77,474316.92,Delivered
PO00227,2024-07-27,SUP019,P00044,231,1831.42,423058.02,Delivered
PO00228,2025-04-18,SUP001,P00006,226,405.25,91586.5,In Transit
PO00229,2024-09-29,SUP018,P00022,98,758.73,74355.54000000001,Delivered
PO00230,2025-01-12,SUP017,P00041,197,637.28,125544.15999999999,Delivered
PO00231,2023-04-21,SUP017,P00040,376,3241.22,1218698.72,Delivered
PO00232,2025-03-10,SUP019,P00030,428,778.75,333305.0,In Transit
PO00233,2025-09-03,SUP017,P00032,478,386.3,184651.4,Delivered
PO00234,2025-03-13,SUP019,P00040,67,3241.22,217161.74,Delivered
PO00235,2025-10-26,SUP018,P00047,243,3883.7,943739.1,Delivered
PO00236,2025-02-10,SUP006,P00050,484,878.02,424961.68,Delivered
PO00237,2025-07-11,SUP007,P00029,180,1657.67,298380.60000000003,Delivered
PO00238,2022-06-11,SUP018,P00033,440,818.19,360003.60000000003,Delivered
PO00239,2024-04-12,SUP008,P00003,103,912.38,93975.14,Delivered
PO00240,2025-06-06,SUP019,P00003,146,912.38,133207.48,Delivered
PO00241,2025-07-11,SUP003,P00034,145,2216.38,321375.10000000003,Pending
PO00242,2025-08-04,SUP011,P00046,449,909.14,408203.86,Delivered
PO00243,2022-06-14,SUP014,P00021,272,602.22,163803.84,Delivered
PO00244,2022-01-07,SUP007,P00010,210,463.6,97356.0,Delivered
PO00245,2022-05-27,SUP019,P00048,85,905.52,76969.2,Delivered
PO00246,2022-03-23,SUP001,P00002,352,1259.97,443509.44,Delivered
PO00247,2024-01-16,SUP003,P00002,168,1259.97,211674.96,Delivered
PO00248,2022-09-18,SUP006,P00037,305,485.74,148150.7,Delivered
PO00249,2025-06-03,SUP003,P00044,391,1831.42,716085.22,In Transit
PO00250,2023-08-16,SUP014,P00010,264,463.6,122390.40000000001,In Transit
PO00251,2023-12-22,SUP019,P00050,258,878.02,226529.16,Delivered
PO00252,2023-07-06,SUP013,P00002,330,1259.97,415790.10000000003,Delivered
PO00253,2025-07-25,SUP014,P00043,53,1502.72,79644.16,Delivered
PO00254,2022-01-29,SUP002,P00045,264,800.05,211213.19999999998,Delivered
PO00255,2024-04-17,SUP010,P00018,405,1328.99,538240.95,Delivered
PO00256,2022-02-03,SUP005,P00017,202,2648.28,534952.56,Delivered
PO00257,2023-08-11,SUP010,P00023,391,604.8,236476.8,Delivered
PO00258,2025-08-03,SUP008,P00006,147,405.25,59571.75,Delivered
PO00259,2024-03-31,SUP010,P00007,222,1830.66,406406.52,In Transit
PO00260,2024-09-07,SUP014,P00028,113,3625.16,409643.07999999996,Delivered
PO00261,2025-10-18,SUP019,P00001,230,3440.14,791232.2,Delivered
PO00262,2024-03-04,SUP011,P00029,345,1657.67,571896.15,Delivered
PO00263,2023-11-07,SUP007,P00049,281,3776.8,1061280.8,Delivered
PO00264,2022-04-08,SUP005,P00047,361,3883.7,1402015.7,Delivered
PO00265,2024-01-21,SUP019,P00020,276,745.08,205642.08000000002,In Transit
PO00266,2024-08-15,SUP011,P00045,250,800.05,200012.5,In Transit
PO00267,2022-03-14,SUP008,P00009,66,1667.07,110026.62,Delivered
PO00268,2022-03-02,SUP008,P00043,91,1502.72,136747.52,Delivered
PO00269,2022-05-11,SUP005,P00050,157,878.02,137849.13999999998,Delivered
PO00270,2022-04-12,SUP012,P00034,324,2216.38,718107.12,Delivered
PO00271,2024-03-27,SUP010,P00017,106,2648.28,280717.68,Delivered
PO00272,2022-01-12,SUP019,P00016,313,1216.09,380636.17,Delivered
PO00273,2025-01-09,SUP005,P00023,423,604.8,255830.4,Delivered
PO00274,2025-05-08,SUP018,P00025,138,1739.53,240055.13999999998,Delivered
PO00275,2023-05-04,SUP015,P00045,337,800.05,269616.85,In Transit
PO00276,2023-12-12,SUP007,P00017,319,2648.28,844801.3200000001,Delivered
PO00277,2022-05-17,SUP008,P00048,364,905.52,329609.27999999997,Pending
PO00278,2023-08-17,SUP020,P00031,472,471.55,222571.6,Delivered
PO00279,2023-09-07,SUP014,P00017,208,2648.28,550842.24,Delivered
PO00280,2023-09-12,SUP002,P00045,180,800.05,144009.0,Delivered
PO00281,2024-07-24,SUP012,P00026,88,1112.72,97919.36,Delivered
PO00282,2023-05-12,SUP013,P00004,259,811.12,210080.08,Delivered
PO00283,2023-05-08,SUP012,P00042,431,1421.08,612485.48,Delivered
PO00284,2024-01-09,SUP002,P00042,463,1421.08,657960.0399999999,Delivered
PO00285,2025-03-10,SUP003,P00018,428,1328.99,568807.72,Pending
PO00286,2022-01-29,SUP012,P00049,234,3776.8,883771.2000000001,Delivered
PO00287,2025-06-16,SUP007,P00010,389,463.6,180340.40000000002,In Transit
PO00288,2022-01-03,SUP014,P00045,425,800.05,340021.25,Delivered
PO00289,2022-11-20,SUP005,P00018,202,1328.99,268455.98,Delivered
PO00290,2024-08-06,SUP015,P00046,122,909.14,110915.08,Delivered
PO00291,2025-09-29,SUP012,P00004,236,811.12,191424.32,Pending
PO00292,2022-03-02,SUP011,P00037,429,485.74,208382.46,Delivered
PO00293,2025-09-04,SUP011,P00046,111,909.14,100914.54,Delivered
PO00294,2025-03-22,SUP020,P00007,309,1830.66,565673.9400000001,Delivered
PO00295,2025-08-26,SUP014,P00045,379,800.05,303218.95,Delivered
PO00296,2024-04-04,SUP009,P00026,290,1112.72,322688.8,Pending
PO00297,2022-02-23,SUP017,P00047,58,3883.7,225254.59999999998,Pending
PO00298,2023-02-23,SUP018,P00050,111,878.02,97460.22,Pending
PO00299,2022-01-03,SUP003,P00032,318,386.3,122843.40000000001,Delivered
PO00300,2025-01-17,SUP004,P00009,447,1667.07,745180.2899999999,In Transit
PO00301,2025-07-14,SUP003,P00041,172,637.28,109612.15999999999,Delivered
PO00302,2025-05-03,SUP002,P00025,381,1739.53,662760.9299999999,Delivered
PO00303,2022-02-09,SUP005,P00025,444,1739.53,772351.32,Delivered
PO00304,2024-09-10,SUP006,P00015,377,2016.06,760054.62,Delivered
PO00305,2025-04-14,SUP018,P00026,86,1112.72,95693.92,Delivered
PO00306,2024-08-30,SUP005,P00028,130,3625.16,471270.8,Delivered
PO00307,2025-08-17,SUP019,P00032,235,386.3,90780.5,Delivered
PO00308,2024-11-29,SUP008,P00034,396,2216.38,877686.4800000001,In Transit
PO00309,2025-08-05,SUP019,P00006,385,405.25,156021.25,Delivered
PO00310,2022-12-19,SUP009,P00048,318,905.52,287955.36,In Transit
PO00311,2025-09-30,SUP004,P00042,240,1421.08,341059.19999999995,Delivered
PO00312,2023-12-01,SUP005,P00007,284,1830.66,519907.44,Pending
PO00313,2024-01-31,SUP010,P00031,443,471.55,208896.65,In Transit
PO00314,2025-12-31,SUP007,P00030,464,778.75,361340.0,Delivered
PO00315,2025-07-05,SUP013,P00014,61,1558.0,95038.0,Delivered
PO00316,2025-06-01,SUP014,P00013,204,1591.13,324590.52,Pending
PO00317,2022-01-17,SUP002,P00040,237,3241.22,768169.1399999999,Delivered
PO00318,2022-12-31,SUP016,P00035,375,645.94,242227.50000000003,Delivered
PO00319,2023-08-09,SUP002,P00041,368,637.28,234519.03999999998,Delivered
PO00320,2022-12-01,SUP005,P00030,327,778.75,254651.25,Pending
PO00321,2023-04-29,SUP004,P00050,268,878.02,235309.36,Delivered
PO00322,2023-06-08,SUP017,P00022,443,758.73,336117.39,Delivered
PO00323,2022-01-22,SUP018,P00026,355,1112.72,395015.60000000003,Pending
PO00324,2023-11-18,SUP012,P00029,213,1657.67,353083.71,Delivered
PO00325,2024-08-05,SUP007,P00012,78,2759.84,215267.52000000002,Delivered
PO00326,2024-05-28,SUP019,P00015,107,2016.06,215718.41999999998,Delivered
PO00327,2025-12-24,SUP004,P00034,148,2216.38,328024.24,Delivered
PO00328,2022-02-08,SUP011,P00015,421,2016.06,848761.26,In Transit
PO00329,2024-08-31,SUP011,P00020,76,745.08,56626.08,In Transit
PO00330,2025-11-06,SUP015,P00044,406,1831.42,743556.52,Delivered
PO00331,2025-11-11,SUP006,P00001,64,3440.14,220168.96,In Transit
PO00332,2025-04-01,SUP012,P00049,323,3776.8,1219906.4000000001,In Transit
PO00333,2022-07-27,SUP008,P00027,109,1197.77,130556.93,Delivered
PO00334,2025-08-25,SUP015,P00008,76,3018.56,229410.56,In Transit
PO00335,2022-07-18,SUP012,P00003,230,912.38,209847.4,Pending
PO00336,2023-01-13,SUP020,P00003,95,912.38,86676.1,Delivered
PO00337,2024-01-04,SUP007,P00014,322,1558.0,501676.0,Delivered
PO00338,2023-06-05,SUP016,P00038,493,1418.42,699281.06,Delivered
PO00339,2024-10-10,SUP008,P00002,444,1259.97,559426.68,Pending
PO00340,2023-12-22,SUP018,P00008,369,3018.56,1113848.64,Delivered
PO00341,2023-08-30,SUP011,P00038,350,1418.42,496447.0,In Transit
PO00342,2022-04-12,SUP008,P00041,316,637.28,201380.47999999998,Delivered
PO00343,2025-01-16,SUP017,P00041,125,637.28,79660.0,Pending
PO00344,2023-08-15,SUP020,P00022,210,758.73,159333.30000000002,Delivered
PO00345,2022-08-30,SUP002,P00033,274,818.19,224184.06000000003,Delivered
PO00346,2023-08-12,SUP007,P00026,243,1112.72,270390.96,Pending
PO00347,2022-03-31,SUP018,P00046,192,909.14,174554.88,Delivered
PO00348,2024-06-05,SUP017,P00044,409,1831.42,749050.78,Delivered
PO00349,2023-09-27,SUP009,P00006,311,405.25,126032.75,Delivered
PO00350,2022-08-11,SUP009,P00032,419,386.3,161859.7,Pending
PO00351,2025-09-03,SUP015,P00020,300,745.08,223524.0,Delivered
PO00352,2023-04-04,SUP016,P00020,437,745.08,325599.96,Delivered
PO00353,2022-01-22,SUP003,P00026,176,1112.72,195838.72,Delivered
PO00354,2024-05-23,SUP011,P00014,61,1558.0,95038.0,Delivered
PO00355,2024-06-27,SUP013,P00025,292,1739.53,507942.76,Delivered
PO00356,2024-01-20,SUP013,P00036,441,990.96,437013.36000000004,In Transit
PO00357,2022-11-05,SUP019,P00032,349,386.3,134818.7,Delivered
PO00358,2024-07-02,SUP005,P00019,401,322.92,129490.92000000001,Delivered
PO00359,2024-12-18,SUP010,P00003,292,912.38,266414.96,Delivered
PO00360,2022-04-03,SUP001,P00015,440,2016.06,887066.4,Delivered
PO00361,2024-05-11,SUP020,P00021,342,602.22,205959.24000000002,Delivered
PO00362,2025-10-19,SUP018,P00020,226,745.08,168388.08000000002,Delivered
PO00363,2023-02-24,SUP004,P00034,115,2216.38,254883.7,Delivered
PO00364,2024-07-20,SUP007,P00006,475,405.25,192493.75,Pending
PO00365,2022-07-05,SUP003,P00012,286,2759.84,789314.24,Delivered
PO00366,2022-01-21,SUP001,P00015,404,2016.06,814488.24,In Transit
PO00367,2022-04-10,SUP010,P00048,477,905.52,431933.04,Delivered
PO00368,2022-01-02,SUP005,P00037,471,485.74,228783.54,Delivered
PO00369,2022-11-14,SUP014,P00047,280,3883.7,1087436.0,Delivered
PO00370,2022-05-10,SUP006,P00039,194,809.06,156957.63999999998,Delivered
PO00371,2022-01-28,SUP003,P00002,278,1259.97,350271.66000000003,Delivered
PO00372,2025-12-18,SUP004,P00012,350,2759.84,965944.0,Delivered
PO00373,2022-10-14,SUP010,P00011,244,2568.64,626748.1599999999,Delivered
PO00374,2023-08-15,SUP010,P00010,381,463.6,176631.6,In Transit
PO00375,2025-07-04,SUP020,P00005,313,502.64,157326.32,Delivered
PO00376,2023-05-28,SUP011,P00020,470,745.08,350187.60000000003,Delivered
PO00377,2025-05-12,SUP017,P00037,169,485.74,82090.06,In Transit
PO00378,2022-06-05,SUP015,P00047,439,3883.7,1704944.2999999998,Delivered
PO00379,2024-08-14,SUP018,P00020,383,745.08,285365.64,Delivered
PO00380,2023-05-26,SUP020,P00037,331,485.74,160779.94,Delivered
PO00381,2022-04-29,SUP006,P00035,294,645.94,189906.36000000002,Delivered
PO00382,2025-03-30,SUP019,P00049,255,3776.8,963084.0,Delivered
PO00383,2022-10-03,SUP011,P00050,175,878.02,153653.5,Pending
PO00384,2025-08-22,SUP007,P00029,272,1657.67,450886.24,Delivered
PO00385,2023-03-03,SUP012,P00050,343,878.02,301160.86,Delivered
PO00386,2023-01-19,SUP020,P00045,385,800.05,308019.25,Pending
PO00387,2024-06-10,SUP018,P00008,390,3018.56,1177238.4,Delivered
PO00388,2023-10-31,SUP006,P00032,54,386.3,20860.2,Pending
PO00389,2025-04-13,SUP001,P00034,360,2216.38,797896.8,Pending
PO00390,2023-03-03,SUP018,P00010,194,463.6,89938.40000000001,In Transit
PO00391,2022-10-30,SUP017,P00040,125,3241.22,405152.5,Delivered
PO00392,2022-12-11,SUP004,P00046,338,909.14,307289.32,Delivered
PO00393,2025-08-03,SUP014,P00016,102,1216.09,124041.18,Delivered
PO00394,2022-12-27,SUP002,P00026,241,1112.72,268165.52,Delivered
PO00395,2025-03-30,SUP016,P00041,318,637.28,202655.03999999998,In Transit
PO00396,2023-08-12,SUP009,P00031,373,471.55,175888.15,Delivered
PO00397,2025-01-30,SUP004,P00046,151,909.14,137280.13999999998,Delivered
PO00398,2023-02-01,SUP019,P00041,414,637.28,263833.92,In Transit
PO00399,2025-09-29,SUP015,P00007,114,1830.66,208695.24000000002,Delivered
PO00400,2023-12-12,SUP019,P00015,365,2016.06,735861.9,Delivered
PO00401,2025-12-11,SUP017,P00049,340,3776.8,1284112.0,Delivered
PO00402,2025-07-14,SUP008,P00035,159,645.94,102704.46,Delivered
PO00403,2024-08-19,SUP009,P00046,52,909.14,47275.28,Delivered
PO00404,2022-11-24,SUP002,P00048,461,905.52,417444.72,Delivered
PO00405,2025-03-23,SUP012,P00025,182,1739.53,316594.46,Delivered
PO00406,2025-08-09,SUP012,P00015,277,2016.06,558448.62,Delivered
PO00407,2024-08-01,SUP006,P00023,351,604.8,212284.8,In Transit
PO00408,2024-06-09,SUP013,P00043,70,1502.72,105190.40000000001,Delivered
PO00409,2024-10-11,SUP015,P00016,166,1216.09,201870.93999999997,In Transit
PO00410,2024-03-03,SUP011,P00036,100,990.96,99096.0,Delivered
PO00411,2024-02-28,SUP019,P00013,339,1591.13,539393.0700000001,Delivered
PO00412,2024-08-21,SUP020,P00048,76,905.52,68819.52,Pending
PO00413,2025-03-25,SUP008,P00035,193,645.94,124666.42000000001,Delivered
PO00414,2023-11-01,SUP002,P00018,482,1328.99,640573.18,Pending
PO00415,2022-03-31,SUP011,P00025,312,1739.53,542733.36,Delivered
PO00416,2024-11-28,SUP007,P00013,496,1591.13,789200.4800000001,Delivered
PO00417,2023-03-21,SUP004,P00042,133,1421.08,189003.63999999998,Delivered
PO00418,2025-11-09,SUP013,P00044,411,1831.42,752713.62,Delivered
PO00419,2022-05-21,SUP009,P00022,75,758.73,56904.75,Delivered
PO00420,2022-01-10,SUP010,P00024,121,338.12,40912.520000000004,In Transit
PO00421,2024-12-08,SUP005,P00026,117,1112.72,130188.24,Delivered
PO00422,2023-06-15,SUP007,P00036,251,990.96,248730.96000000002,In Transit
PO00423,2024-07-03,SUP010,P00036,488,990.96,483588.48000000004,Delivered
PO00424,2023-11-18,SUP003,P00049,157,3776.8,592957.6,In Transit
PO00425,2023-09-23,SUP017,P00021,199,602.22,119841.78,Delivered
PO00426,2023-02-23,SUP007,P00028,209,3625.16,757658.44,Delivered
PO00427,2024-08-26,SUP013,P00014,490,1558.0,763420.0,Delivered
PO00428,2024-02-09,SUP007,P00035,134,645.94,86555.96,Delivered
PO00429,2025-10-29,SUP009,P00039,290,809.06,234627.4,Delivered
PO00430,2025-07-27,SUP019,P00046,117,909.14,106369.38,In Transit
PO00431,2023-07-08,SUP007,P00032,158,386.3,61035.4,Delivered
PO00432,2024-01-14,SUP001,P00037,213,485.74,103462.62,Delivered
PO00433,2023-10-10,SUP006,P00033,474,818.19,387822.06,Delivered
PO00434,2023-07-15,SUP005,P00002,477,1259.97,601005.6900000001,Delivered
PO00435,2022-05-29,SUP006,P00008,249,3018.56,751621.44,Delivered
PO00436,2024-10-10,SUP003,P00044,391,1831.42,716085.22,Delivered
PO00437,2023-12-28,SUP002,P00044,151,1831.42,276544.42,Delivered
PO00438,2022-12-20,SUP020,P00023,313,604.8,189302.4,Delivered
PO00439,2023-03-29,SUP015,P00013,360,1591.13,572806.8,Delivered
PO00440,2023-03-22,SUP016,P00030,61,778.75,47503.75,Delivered
PO00441,2024-09-06,SUP016,P00003,79,912.38,72078.02,Delivered
PO00442,2022-12-14,SUP005,P00040,409,3241.22,1325658.98,In Transit
PO00443,2022-11-17,SUP020,P00030,455,778.75,354331.25,Delivered
PO00444,2024-03-10,SUP016,P00033,87,818.19,71182.53,Delivered
PO00445,2023-05-24,SUP004,P00014,200,1558.0,311600.0,Delivered
PO00446,2022-12-27,SUP002,P00021,298,602.22,179461.56,Delivered
PO00447,2024-04-14,SUP004,P00023,360,604.8,217727.99999999997,Delivered
PO00448,2023-02-10,SUP015,P00043,391,1502.72,587563.52,Delivered
PO00449,2022-09-01,SUP012,P00042,288,1421.08,409271.04,Delivered
PO00450,2023-11-09,SUP013,P00018,340,1328.99,451856.6,Delivered
PO00451,2022-05-14,SUP016,P00003,56,912.38,51093.28,Delivered
PO00452,2022-03-14,SUP003,P00015,115,2016.06,231846.9,Delivered
PO00453,2024-07-19,SUP014,P00018,325,1328.99,431921.75,Delivered
PO00454,2022-09-23,SUP002,P00025,330,1739.53,574044.9,Delivered
PO00455,2025-08-05,SUP014,P00036,370,990.96,366655.2,Delivered
PO00456,2024-04-01,SUP020,P00046,436,909.14,396385.04,Pending
PO00457,2024-06-20,SUP013,P00025,166,1739.53,288761.98,Delivered
PO00458,2024-07-05,SUP004,P00034,74,2216.38,164012.12,Delivered
PO00459,2025-04-11,SUP013,P00012,80,2759.84,220787.2,Delivered
PO00460,2024-09-15,SUP011,P00006,303,405.25,122790.75,Delivered
PO00461,2023-10-25,SUP019,P00019,54,322.92,17437.68,In Transit
PO00462,2024-02-17,SUP002,P00025,431,1739.53,749737.4299999999,Pending
PO00463,2025-06-30,SUP015,P00031,132,471.55,62244.6,Delivered
PO00464,2022-05-29,SUP014,P00009,420,1667.07,700169.4,Delivered
PO00465,2023-02-04,SUP004,P00033,309,818.19,252820.71000000002,Pending
PO00466,2024-02-24,SUP007,P00037,429,485.74,208382.46,Delivered
PO00467,2024-03-30,SUP006,P00036,280,990.96,277468.8,In Transit
PO00468,2024-02-07,SUP007,P00035,204,645.94,131771.76,Delivered
PO00469,2023-03-31,SUP005,P00037,232,485.74,112691.68000000001,Delivered
PO00470,2023-02-09,SUP015,P00038,198,1418.42,280847.16000000003,In Transit
PO00471,2025-12-17,SUP001,P00005,62,502.64,31163.68,Delivered
PO00472,2022-08-30,SUP018,P00045,222,800.05,177611.09999999998,Delivered
PO00473,2023-04-10,SUP017,P00035,237,645.94,153087.78,Delivered
PO00474,2022-11-04,SUP004,P00026,83,1112.72,92355.76000000001,Delivered
PO00475,2023-08-17,SUP003,P00040,282,3241.22,914024.0399999999,Delivered
PO00476,2025-12-16,SUP010,P00042,446,1421.08,633801.6799999999,Delivered
PO00477,2022-07-11,SUP009,P00017,474,2648.28,1255284.7200000002,Delivered
PO00478,2023-07-26,SUP001,P00048,59,905.52,53425.68,Pending
PO00479,2022-08-20,SUP011,P00021,296,602.22,178257.12,Delivered
PO00480,2023-12-27,SUP017,P00008,128,3018.56,386375.68,In Transit
PO00481,2024-05-05,SUP019,P00045,118,800.05,94405.9,In Transit
PO00482,2023-03-25,SUP005,P00023,57,604.8,34473.6,Delivered
PO00483,2022-03-28,SUP001,P00043,158,1502.72,237429.76,In Transit
PO00484,2023-10-26,SUP005,P00017,197,2648.28,521711.16000000003,In Transit
PO00485,2023-01-01,SUP011,P00036,485,990.96,480615.60000000003,In Transit
PO00486,2025-11-15,SUP019,P00028,491,3625.16,1779953.5599999998,Delivered
PO00487,2022-12-16,SUP008,P00032,369,386.3,142544.7,Delivered
PO00488,2024-09-18,SUP017,P00048,272,905.52,246301.44,In Transit
PO00489,2022-12-26,SUP009,P00025,499,1739.53,868025.47,Delivered
PO00490,2024-08-20,SUP004,P00049,431,3776.8,1627800.8,Delivered
PO00491,2022-06-18,SUP018,P00025,315,1739.53,547951.95,In Transit
PO00492,2023-10-14,SUP008,P00027,307,1197.77,367715.39,Delivered
PO00493,2022-06-09,SUP016,P00031,337,471.55,158912.35,Delivered
PO00494,2025-06-03,SUP010,P00011,320,2568.64,821964.7999999999,Delivered
PO00495,2025-11-26,SUP008,P00009,364,1667.07,606813.48,Delivered
PO00496,2024-09-11,SUP020,P00050,463,878.02,406523.26,Pending
PO00497,2025-04-10,SUP019,P00032,223,386.3,86144.90000000001,Delivered
PO00498,2022-05-02,SUP007,P00032,317,386.3,122457.1,Pending
PO00499,2022-05-29,SUP008,P00013,351,1591.13,558486.63,In Transit
PO00500,2023-10-09,SUP012,P00023,273,604.8,165110.4,Delivered
