customer_id,total_revenue,total_orders,first_order,last_order
C00001,189505.8095,16,2022-01-02,2024-12-25
C00002,190468.0055,10,2022-10-18,2024-11-13
C00003,196819.41100000002,13,2022-01-08,2024-10-20
C00004,230124.783,19,2022-07-13,2024-10-19
C00005,170742.028,12,2022-04-09,2024-07-24
C00006,385377.44,16,2022-10-08,2024-11-05
C00007,359544.857,11,2022-09-11,2024-05-26
C00008,223315.62050000002,14,2022-01-02,2024-12-31
C00009,252957.152,18,2022-03-06,2024-12-25
C00010,368731.8545,21,2022-03-31,2024-12-25
C00011,339806.782,22,2022-01-16,2024-12-27
C00012,399619.35,21,2022-01-23,2024-11-02
C00013,194167.283,12,2022-01-20,2024-11-24
C00014,291237.018,16,2022-03-15,2024-11-07
C00015,305028.4735,20,2022-03-18,2024-12-24
C00016,256794.556,21,2022-02-13,2024-12-23
C00017,307181.771,21,2022-01-22,2024-12-15
C00018,194221.2905,11,2022-06-05,2024-11-18
C00019,314792.5125,14,2022-01-10,2024-09-02
C00020,250755.289,15,2022-02-27,2024-10-30
C00021,220621.6775,18,2022-01-12,2024-12-03
C00022,336558.619,19,2022-02-20,2024-12-23
C00023,173667.31149999998,9,2022-02-21,2024-12-12
C00024,173913.544,11,2022-09-22,2024-12-14
C00025,447656.1665,22,2022-01-06,2024-12-13
C00026,177002.61,11,2022-02-14,2024-04-12
C00027,500854.1055,25,2022-03-21,2024-12-27
C00028,466590.097,20,2022-03-04,2024-11-28
C00029,405878.18,15,2022-10-13,2024-11-19
C00030,288657.732,15,2022-01-23,2024-02-22
C00031,417754.657,21,2022-02-12,2024-11-02
C00032,560379.671,26,2022-03-03,2024-11-19
C00033,257311.20900000003,17,2022-02-27,2024-11-27
C00034,346291.09,14,2022-03-23,2024-12-07
C00035,296467.3325,12,2022-04-03,2024-01-19
C00036,220299.59100000001,17,2022-02-13,2024-11-04
C00037,340997.401,23,2022-02-25,2024-12-27
C00038,217672.80099999998,13,2022-02-16,2024-11-06
C00039,242332.337,17,2022-02-04,2024-12-05
C00040,356732.3915,19,2022-01-09,2024-12-27
C00041,210150.693,16,2022-04-05,2024-12-31
C00042,144767.334,13,2022-04-04,2024-09-18
C00043,179543.195,12,2022-02-27,2024-08-18
C00044,275024.9335,19,2022-05-29,2024-10-31
C00045,344697.86699999997,21,2022-01-06,2024-12-20
C00046,188860.9395,10,2022-06-20,2024-11-29
C00047,259100.6515,17,2022-02-14,2024-12-09
C00048,237850.361,15,2022-09-12,2024-12-02
C00049,225348.8125,14,2022-02-28,2024-12-07
C00050,370163.939,16,2022-02-15,2024-12-30
C00051,296896.0785,19,2022-05-08,2024-12-07
C00052,402336.02999999997,21,2022-01-25,2024-11-05
C00053,423276.3505,21,2022-01-07,2024-12-20
C00054,137442.594,12,2022-08-31,2024-12-01
C00055,136284.849,17,2022-01-08,2024-10-07
C00056,294400.63049999997,15,2022-02-02,2024-10-23
C00057,250180.9625,14,2022-03-17,2024-11-24
C00058,219557.762,20,2022-01-28,2024-11-07
C00059,407512.5685,19,2022-01-31,2024-11-08
C00060,254454.1225,15,2022-02-25,2024-11-05
C00061,190336.40300000002,15,2022-02-01,2024-12-09
C00062,492675.086,25,2022-02-14,2024-11-22
C00063,222221.15,12,2022-01-12,2024-10-05
C00064,343447.9295,22,2022-01-22,2024-12-24
C00065,418598.9645,19,2022-01-10,2024-12-21
C00066,251194.01400000002,17,2022-07-28,2024-12-23
C00067,297221.346,14,2022-04-30,2024-12-07
C00068,427415.5745,24,2022-02-09,2024-12-31
C00069,180428.4635,11,2022-04-10,2024-12-06
C00070,177216.8635,12,2022-09-21,2024-12-04
C00071,235540.068,13,2022-03-27,2024-12-01
C00072,418106.1295,21,2022-01-20,2024-12-23
C00073,308564.2255,15,2022-03-02,2024-12-06
C00074,323305.2005,21,2022-02-28,2024-10-17
C00075,244789.98950000003,15,2022-04-25,2024-12-10
C00076,284904.699,23,2022-01-28,2024-12-13
C00077,443822.2595,24,2022-04-02,2024-12-16
C00078,297011.213,14,2022-04-11,2024-11-12
C00079,367313.161,19,2022-02-02,2024-12-31
C00080,393633.827,21,2022-03-05,2024-12-16
C00081,150551.613,14,2022-05-16,2024-12-03
C00082,359313.94,18,2022-04-19,2024-09-21
C00083,301515.329,18,2022-01-11,2024-12-02
C00084,437927.05950000003,22,2022-06-12,2024-12-31
C00085,452785.7045,18,2022-03-06,2024-12-21
C00086,270059.6085,16,2022-02-04,2024-12-30
C00087,482750.214,23,2022-01-12,2024-12-24
C00088,361841.588,19,2022-01-12,2024-12-21
C00089,310266.532,19,2022-05-06,2024-10-26
C00090,474641.591,19,2022-01-22,2024-12-01
C00091,141335.11349999998,9,2022-01-19,2024-11-11
C00092,501934.284,20,2022-06-26,2024-11-24
C00093,311261.83150000003,19,2022-01-15,2024-12-24
C00094,451334.927,17,2022-07-08,2024-08-22
C00095,261917.58200000002,16,2022-02-07,2024-12-02
C00096,323414.556,21,2022-04-09,2024-11-23
C00097,113561.951,11,2022-05-21,2023-11-30
C00098,329761.6015,16,2022-01-11,2024-12-16
C00099,146674.198,13,2022-03-15,2024-11-09
C00100,416551.347,21,2022-02-14,2024-11-07
C00101,248369.7605,12,2022-02-03,2024-12-19
C00102,348564.103,17,2022-07-02,2024-12-10
C00103,241623.1715,20,2022-02-08,2024-12-14
C00104,351797.1175,20,2022-01-06,2024-12-27
C00105,313862.716,16,2022-02-06,2024-11-09
C00106,141757.9695,14,2022-01-16,2024-11-02
C00107,356949.247,16,2022-04-02,2024-11-06
C00108,246421.668,10,2022-02-01,2024-08-10
C00109,228112.86000000002,18,2022-02-08,2024-12-15
C00110,473633.9805,25,2022-04-25,2024-12-27
C00111,266683.076,15,2022-04-29,2024-12-01
C00112,202661.89299999998,13,2022-03-03,2024-10-19
C00113,366317.6785,19,2022-01-27,2024-12-18
C00114,239837.7085,20,2022-03-25,2024-12-16
C00115,120270.338,11,2022-05-25,2024-09-15
C00116,403110.747,20,2022-01-13,2024-12-15
C00117,435743.506,19,2022-02-12,2024-12-25
C00118,496129.092,18,2022-04-12,2024-12-19
C00119,313187.3305,17,2022-06-26,2024-12-27
C00120,315412.212,14,2022-08-31,2024-12-28
C00121,298781.99199999997,16,2022-01-12,2024-11-16
C00122,325577.497,18,2022-01-20,2024-12-03
C00123,388178.255,23,2022-03-02,2024-12-09
C00124,250475.24,14,2022-03-02,2024-12-11
C00125,291718.80449999997,22,2022-01-05,2024-10-15
C00126,294452.1555,20,2022-02-28,2024-11-15
C00127,264364.6,17,2022-03-10,2024-12-10
C00128,283120.1395,14,2022-02-10,2024-12-28
C00129,103926.1655,9,2022-10-08,2024-10-28
C00130,264389.996,15,2022-10-24,2024-10-22
C00131,252515.56399999998,12,2022-01-02,2024-11-24
C00132,344553.1935,20,2022-01-09,2024-12-04
C00133,300778.985,21,2022-02-10,2024-12-13
C00134,189870.032,16,2022-04-27,2024-12-15
C00135,107945.955,11,2022-03-09,2024-07-03
C00136,234778.59000000003,11,2022-05-01,2024-11-14
C00137,266987.095,13,2022-01-08,2024-11-01
C00138,273005.58999999997,11,2022-01-19,2024-10-24
C00139,335433.3775,20,2022-02-15,2024-10-04
C00140,333444.471,23,2022-02-13,2024-11-17
C00141,272592.2965,19,2022-01-07,2024-12-14
C00142,601115.671,24,2022-01-04,2024-10-26
C00143,343767.068,16,2022-05-20,2024-12-11
C00144,202123.3105,14,2022-01-23,2024-11-18
C00145,328713.32,18,2022-02-26,2024-12-07
C00146,343723.238,17,2022-01-29,2024-12-19
C00147,358181.63200000004,16,2022-02-28,2024-11-23
C00148,374011.341,17,2022-01-11,2024-12-17
C00149,244441.032,16,2022-03-02,2024-08-23
C00150,310465.72849999997,13,2022-06-02,2024-12-29
C00151,146877.121,13,2022-04-21,2024-11-04
C00152,208808.4575,14,2022-06-04,2024-10-26
C00153,332117.578,15,2022-05-03,2024-11-24
C00154,454747.6215,19,2022-01-11,2024-12-08
C00155,378459.82,18,2022-04-07,2024-12-31
C00156,258285.8395,17,2022-01-14,2024-12-09
C00157,479200.878,23,2022-06-09,2024-10-24
C00158,239501.415,9,2022-02-09,2024-10-11
C00159,160771.8405,14,2022-01-08,2024-11-29
C00160,391309.933,23,2022-06-03,2024-12-24
C00161,221772.32100000003,15,2022-04-25,2024-12-29
C00162,403751.4315,28,2022-01-18,2024-12-21
C00163,204625.864,17,2022-03-08,2024-10-03
C00164,60267.974500000004,8,2022-11-25,2024-04-05
C00165,211473.698,15,2022-02-25,2024-10-02
C00166,320510.6755,20,2022-01-15,2024-12-02
C00167,207235.077,21,2022-01-10,2024-12-28
C00168,216472.506,16,2022-03-25,2024-04-03
C00169,561521.5745,25,2022-02-25,2024-11-02
C00170,233434.059,15,2022-03-14,2024-10-22
C00171,264906.091,19,2022-01-21,2024-11-29
C00172,480197.86,26,2022-03-16,2024-12-10
C00173,175720.66449999998,16,2022-10-12,2024-12-22
C00174,379900.3535,23,2022-01-03,2024-11-30
C00175,295746.5985,16,2022-03-13,2024-12-30
C00176,478964.565,18,2022-02-13,2024-12-20
C00177,294976.8085,14,2022-07-09,2024-12-03
C00178,188224.4915,15,2022-02-26,2024-12-03
C00179,281695.571,20,2022-01-03,2024-12-31
C00180,310074.9265,18,2022-07-06,2024-12-23
C00181,166898.386,13,2022-04-06,2024-11-08
C00182,303288.3715,14,2022-02-21,2024-12-16
C00183,358804.373,21,2022-01-18,2024-12-18
C00184,143317.75699999998,14,2022-04-10,2024-09-21
C00185,331618.819,18,2022-03-26,2024-10-12
C00186,234859.1865,13,2022-02-16,2024-10-11
C00187,297446.6555,13,2022-01-08,2024-10-30
C00188,450692.839,18,2022-02-26,2024-10-26
C00189,318914.0085,19,2022-04-14,2024-11-28
C00190,257387.444,16,2022-01-25,2024-12-05
C00191,153418.73500000002,14,2022-04-10,2024-12-11
C00192,421107.073,18,2022-08-31,2024-12-26
C00193,213182.889,15,2022-01-25,2024-12-25
C00194,288074.4665,20,2022-01-06,2024-12-24
C00195,395054.007,19,2022-01-05,2024-10-30
C00196,225886.381,19,2022-02-22,2024-11-19
C00197,344636.8055,19,2022-04-24,2024-12-20
C00198,323184.625,14,2022-01-01,2024-12-06
C00199,332449.43,14,2022-07-11,2024-11-11
C00200,239933.908,17,2022-05-30,2024-12-15
C00201,351493.7855,22,2022-01-05,2024-12-24
C00202,522995.42600000004,20,2022-01-11,2024-12-23
C00203,254332.64250000002,12,2022-03-02,2024-12-14
C00204,401689.495,19,2022-02-08,2024-10-30
C00205,208403.663,18,2022-01-01,2024-11-06
C00206,318651.8415,16,2022-01-13,2024-12-26
C00207,274684.2035,12,2022-03-16,2024-10-02
C00208,317531.646,21,2022-03-11,2024-11-05
C00209,429300.41349999997,19,2022-01-30,2024-12-18
C00210,286914.1045,15,2022-02-04,2024-12-23
C00211,253803.3925,17,2022-04-15,2024-10-21
C00212,224840.176,13,2022-01-25,2024-07-05
C00213,215899.584,15,2022-02-27,2024-06-14
C00214,295269.372,20,2022-01-28,2024-04-25
C00215,377967.33400000003,19,2022-03-16,2024-10-23
C00216,212604.666,12,2022-04-26,2024-09-09
C00217,69886.711,9,2022-01-30,2024-12-15
C00218,590269.968,23,2022-02-19,2024-12-28
C00219,225691.2165,13,2022-02-05,2024-12-31
C00220,351939.4435,16,2022-01-14,2024-11-03
C00221,366197.713,22,2022-01-22,2024-12-29
C00222,230810.054,16,2022-02-17,2024-12-29
C00223,171135.304,15,2022-02-20,2024-12-18
C00224,181291.7805,15,2022-01-31,2024-12-30
C00225,388469.5835,25,2022-02-10,2024-12-09
C00226,373855.6455,21,2022-01-16,2024-12-17
C00227,215278.969,17,2022-01-07,2024-12-31
C00228,142438.7355,21,2022-03-12,2024-12-01
C00229,240077.96399999998,17,2022-02-02,2024-12-29
C00230,171097.6105,15,2022-02-11,2024-11-23
C00231,420153.4305,25,2022-04-20,2024-12-28
C00232,210017.94650000002,11,2022-01-03,2024-09-22
C00233,191685.512,10,2022-03-25,2024-11-06
C00234,427362.871,25,2022-05-09,2024-12-21
C00235,168631.14750000002,11,2022-01-07,2024-12-03
C00236,190520.18,10,2022-04-22,2024-12-21
C00237,350677.8255,20,2022-02-17,2024-11-07
C00238,132593.4175,9,2022-01-02,2024-05-16
C00239,368745.7285,23,2022-02-19,2024-12-01
C00240,221576.19100000002,17,2022-04-13,2024-11-03
C00241,158310.984,12,2022-10-08,2024-11-01
C00242,365748.311,21,2022-03-04,2024-10-03
C00243,235204.989,15,2022-03-19,2024-06-25
C00244,301811.84799999994,14,2022-03-09,2024-12-09
C00245,337540.33650000003,18,2022-01-08,2024-12-26
C00246,286175.6375,15,2022-01-06,2024-11-04
C00247,291699.245,21,2022-02-06,2024-11-30
C00248,343426.6675,17,2022-03-24,2024-12-27
C00249,269716.7905,17,2022-08-04,2024-12-23
C00250,200111.7465,17,2022-01-14,2024-12-29
C00251,261101.5445,16,2022-02-06,2024-12-13
C00252,180358.13199999998,12,2022-11-02,2024-12-27
C00253,249660.0525,14,2022-03-01,2024-12-22
C00254,281275.112,17,2022-01-09,2024-11-09
C00255,355418.174,20,2022-03-14,2024-12-14
C00256,214366.939,14,2022-02-05,2024-10-10
C00257,97812.261,11,2022-02-28,2024-06-30
C00258,296330.5835,21,2022-04-05,2024-12-27
C00259,205273.9275,15,2022-01-27,2024-11-24
C00260,223834.1065,13,2022-10-29,2024-10-04
C00261,165586.8665,17,2022-07-02,2024-12-22
C00262,504293.9365,27,2022-01-05,2024-08-17
C00263,479409.8775,20,2022-05-18,2024-12-31
C00264,248122.4085,19,2022-06-05,2024-12-04
C00265,303214.589,12,2022-01-02,2024-12-27
C00266,351015.39749999996,17,2022-03-12,2024-12-16
C00267,372716.97349999996,23,2022-01-08,2024-11-13
C00268,273459.5465,14,2022-01-26,2024-09-12
C00269,591653.5995,19,2022-01-02,2024-10-05
C00270,313119.219,15,2022-07-08,2024-12-04
C00271,273058.391,10,2022-02-11,2024-11-11
C00272,151586.032,10,2022-01-29,2024-12-13
C00273,143341.3345,13,2022-01-18,2024-12-15
C00274,339137.071,23,2022-01-08,2024-12-07
C00275,251546.551,20,2022-04-01,2024-11-14
C00276,446408.462,21,2022-01-15,2024-11-17
C00277,310231.0525,17,2022-01-12,2024-06-30
C00278,264761.434,17,2022-02-03,2024-12-17
C00279,275259.089,15,2022-03-11,2024-12-06
C00280,486715.5715,21,2022-02-18,2024-12-07
C00281,293762.6855,15,2022-05-24,2024-11-01
C00282,241394.6635,12,2022-03-21,2024-10-29
C00283,173716.3505,12,2022-02-04,2024-12-21
C00284,363550.033,20,2022-01-03,2024-12-03
C00285,561577.9125,25,2022-04-21,2024-12-26
C00286,213252.09,17,2022-02-14,2024-11-13
C00287,215067.142,17,2022-04-08,2024-12-16
C00288,270030.6615,12,2022-01-23,2024-10-01
C00289,153104.622,15,2022-08-21,2024-10-31
C00290,250714.1785,15,2022-01-09,2024-08-08
C00291,427458.97949999996,15,2022-08-05,2024-11-22
C00292,323841.966,19,2022-01-26,2024-12-20
C00293,314053.8015,19,2022-01-18,2024-12-21
C00294,448071.7375,21,2022-03-05,2024-12-02
C00295,533647.4595,23,2022-01-12,2024-11-10
C00296,321596.447,17,2022-01-05,2024-12-19
C00297,276027.053,12,2022-04-03,2024-12-17
C00298,383116.29000000004,19,2022-06-28,2024-10-27
C00299,301500.218,20,2022-02-15,2024-12-27
C00300,349507.8525,16,2022-06-14,2024-09-22
C00301,232026.296,19,2022-06-05,2024-11-15
C00302,173803.23,11,2022-03-20,2024-10-26
C00303,327767.015,24,2022-03-08,2024-12-17
C00304,292855.692,18,2022-01-26,2024-12-25
C00305,276972.0985,20,2022-01-13,2024-12-28
C00306,185992.8565,11,2022-05-28,2024-10-25
C00307,241951.3335,14,2022-02-13,2024-12-26
C00308,272270.7355,20,2022-01-17,2024-12-12
C00309,533335.78,20,2022-02-04,2024-11-26
C00310,228285.55800000002,21,2022-03-27,2024-12-17
C00311,313644.04,13,2022-01-19,2024-09-30
C00312,233082.04100000003,11,2022-03-05,2024-03-01
C00313,213324.2565,14,2022-01-28,2024-12-15
C00314,445755.891,23,2022-01-12,2024-12-26
C00315,251644.413,17,2022-01-09,2024-12-19
C00316,197590.97149999999,17,2022-06-24,2024-11-25
C00317,483520.898,21,2022-04-19,2024-12-25
C00318,203281.581,17,2022-01-31,2024-12-04
C00319,506579.1645,27,2022-01-12,2024-11-10
C00320,313883.0145,20,2022-03-09,2024-11-06
C00321,270139.892,16,2022-01-07,2024-12-17
C00322,282747.674,10,2022-01-07,2024-12-21
C00323,252955.885,12,2022-06-22,2024-12-16
C00324,237358.502,17,2022-02-09,2024-10-21
C00325,165470.903,9,2022-02-07,2024-03-28
C00326,347828.9975,19,2022-01-25,2024-12-08
C00327,383976.92449999996,20,2022-02-09,2024-12-31
C00328,306107.8655,18,2022-01-17,2024-12-28
C00329,275415.545,12,2022-02-15,2024-12-29
C00330,387736.593,18,2022-02-27,2024-11-26
C00331,242627.899,17,2022-01-08,2024-11-23
C00332,338121.5145,21,2022-04-01,2024-10-14
C00333,328429.653,22,2022-02-07,2024-12-29
C00334,297512.4915,15,2022-01-27,2024-11-29
C00335,164034.111,14,2022-01-13,2024-12-29
C00336,328822.2805,19,2022-05-22,2024-10-31
C00337,325086.5395,21,2022-01-06,2024-12-19
C00338,266356.6545,20,2022-01-02,2024-11-30
C00339,281799.939,15,2022-04-16,2024-11-24
C00340,345542.9105,16,2022-01-14,2024-12-09
C00341,256771.694,17,2022-01-23,2024-08-27
C00342,201577.127,17,2022-01-09,2024-12-22
C00343,311772.196,19,2022-01-28,2024-11-24
C00344,267893.3375,14,2022-02-22,2024-08-21
C00345,307994.38,18,2022-07-01,2024-11-12
C00346,206512.798,12,2022-04-08,2024-12-21
C00347,190273.6835,15,2022-06-05,2024-12-20
C00348,212151.1125,16,2022-01-27,2024-12-25
C00349,458274.7955,19,2022-02-10,2024-11-17
C00350,223848.709,14,2022-06-27,2024-12-31
C00351,223889.6785,16,2022-09-17,2024-10-22
C00352,173451.643,16,2022-04-16,2024-12-30
C00353,357821.2465,19,2022-02-23,2024-12-09
C00354,290405.289,17,2022-01-09,2024-12-27
C00355,189541.3055,13,2022-02-09,2024-12-26
C00356,400053.216,20,2022-02-23,2024-12-10
C00357,499834.083,17,2022-06-16,2024-12-08
C00358,359845.5015,17,2022-06-26,2024-11-23
C00359,279615.6715,18,2022-02-23,2024-12-12
C00360,171892.20500000002,10,2022-06-21,2024-03-21
C00361,320943.1695,18,2022-01-08,2024-11-24
C00362,294194.539,18,2022-01-04,2024-12-15
C00363,366866.842,23,2022-01-20,2024-12-26
C00364,357189.4695,20,2022-02-04,2024-11-09
C00365,278743.304,9,2022-03-02,2024-12-31
C00366,381917.787,19,2022-04-14,2024-11-30
C00367,297697.2195,18,2022-02-14,2024-06-06
C00368,265330.3535,17,2022-01-21,2024-08-04
C00369,500776.8045,22,2022-02-10,2024-08-07
C00370,238856.0535,15,2022-03-25,2024-12-21
C00371,470930.9745,26,2022-03-15,2024-11-11
C00372,154803.60450000002,12,2022-03-25,2024-08-14
C00373,193553.929,10,2022-02-28,2024-12-30
C00374,365953.099,23,2022-03-20,2024-12-03
C00375,334621.551,19,2022-01-15,2024-11-06
C00376,435752.192,14,2022-03-02,2024-12-24
C00377,238980.79450000002,19,2022-01-11,2024-10-28
C00378,154007.3635,17,2022-03-27,2024-12-25
C00379,434253.7295,17,2022-01-02,2024-12-01
C00380,510054.514,17,2022-02-18,2024-12-22
C00381,392396.049,20,2022-01-29,2024-11-30
C00382,397747.99100000004,24,2022-01-04,2024-11-16
C00383,397862.311,20,2022-01-01,2024-12-29
C00384,277695.0405,16,2022-02-13,2024-11-27
C00385,438138.172,15,2022-06-06,2024-12-29
C00386,245746.141,21,2022-04-03,2024-12-16
C00387,548381.6039999999,26,2022-01-02,2024-11-28
C00388,179175.75699999998,15,2022-01-22,2024-11-23
C00389,305389.6595,12,2022-04-14,2024-10-15
C00390,302158.774,22,2022-08-16,2024-12-25
C00391,254099.163,16,2022-05-12,2024-09-23
C00392,293627.5245,18,2022-02-21,2024-11-09
C00393,231567.6655,11,2022-03-07,2024-01-20
C00394,393077.54000000004,21,2022-02-07,2024-12-03
C00395,354111.102,18,2022-02-18,2024-12-06
C00396,294584.6505,24,2022-02-27,2024-12-14
C00397,213634.0545,18,2022-03-25,2024-11-23
C00398,320933.3395,18,2022-03-15,2024-12-09
C00399,178359.848,20,2022-05-01,2024-12-12
C00400,230789.552,14,2022-01-22,2024-12-08
C00401,171121.429,12,2022-01-07,2023-12-30
C00402,508854.304,19,2022-04-24,2024-12-13
C00403,368902.8875,19,2022-02-18,2024-11-26
C00404,440719.3895,18,2022-02-17,2024-12-17
C00405,135175.853,12,2022-03-25,2024-10-08
C00406,249402.5055,15,2022-04-13,2024-09-14
C00407,536609.6175,28,2022-01-06,2024-12-31
C00408,116256.05,10,2022-11-13,2024-12-29
C00409,250910.07200000001,19,2022-06-11,2024-12-24
C00410,218482.14299999998,20,2022-03-03,2024-12-21
C00411,207408.5375,15,2022-01-25,2024-12-06
C00412,181577.1235,15,2022-01-13,2024-12-22
C00413,336013.89,15,2022-03-03,2024-09-05
C00414,288273.3515,16,2022-01-06,2024-12-03
C00415,212385.312,12,2022-01-31,2024-04-04
C00416,374730.5905,22,2022-01-13,2024-11-11
C00417,363741.298,17,2022-03-05,2024-12-11
C00418,271016.811,9,2022-10-04,2024-07-10
C00419,268491.40650000004,14,2022-02-08,2024-10-16
C00420,258952.973,17,2022-01-05,2024-12-27
C00421,498650.017,19,2022-01-05,2024-12-28
C00422,326943.5425,21,2022-02-04,2024-10-16
C00423,350818.8455,29,2022-03-15,2024-12-27
C00424,469410.197,28,2022-08-23,2024-12-28
C00425,234796.1445,16,2022-01-01,2024-09-22
C00426,193895.24599999998,12,2022-04-13,2024-12-12
C00427,329574.2355,19,2022-02-02,2024-11-09
C00428,212129.6085,11,2022-01-10,2024-09-21
C00429,293446.3675,17,2022-01-21,2024-07-12
C00430,361974.887,25,2022-04-18,2024-12-22
C00431,161069.86250000002,12,2023-01-25,2024-12-28
C00432,205814.1995,16,2022-07-24,2024-12-06
C00433,422582.805,14,2022-02-08,2024-12-23
C00434,397453.6885,22,2022-02-01,2024-10-17
C00435,326473.42949999997,22,2022-01-28,2024-12-28
C00436,171220.224,17,2022-06-05,2024-12-20
C00437,248813.206,17,2022-02-19,2024-12-14
C00438,293600.898,17,2022-05-18,2024-10-05
C00439,540441.0785000001,20,2022-04-05,2024-11-29
C00440,241087.20200000002,14,2022-11-16,2024-12-09
C00441,205421.714,17,2022-02-25,2024-11-14
C00442,139983.6955,17,2022-02-09,2024-11-11
C00443,391781.367,19,2022-05-17,2024-11-28
C00444,346482.553,20,2022-02-02,2024-12-25
C00445,372126.5155,17,2022-06-30,2024-12-05
C00446,236731.378,15,2022-02-15,2024-12-14
C00447,394991.6515,20,2022-01-16,2024-11-01
C00448,233425.5365,13,2022-02-23,2024-12-12
C00449,134209.461,10,2022-08-09,2024-12-04
C00450,216113.2185,13,2022-05-09,2024-12-08
C00451,139072.927,10,2022-01-27,2024-11-07
C00452,208533.8225,15,2022-04-16,2024-12-21
C00453,395263.2725,21,2022-01-08,2024-12-30
C00454,208408.9055,13,2022-05-31,2024-12-17
C00455,318050.36950000003,19,2022-01-14,2024-10-15
C00456,268325.5975,12,2022-07-04,2024-12-12
C00457,253478.461,15,2022-01-19,2024-09-24
C00458,508151.668,24,2022-03-30,2024-12-07
C00459,375087.3715,18,2022-03-04,2024-12-25
C00460,246446.754,14,2022-03-22,2024-07-29
C00461,339490.065,15,2022-08-18,2024-11-07
C00462,363002.3475,19,2022-03-18,2024-11-26
C00463,266341.2425,18,2022-04-03,2024-12-19
C00464,412488.138,22,2022-01-18,2024-10-29
C00465,332668.279,18,2022-01-15,2024-11-22
C00466,345424.724,22,2022-02-18,2024-12-11
C00467,398686.723,18,2022-01-30,2024-12-29
C00468,525996.8859999999,23,2022-01-28,2024-11-15
C00469,374183.5535,19,2022-02-04,2024-10-14
C00470,173316.543,16,2022-04-13,2024-11-05
C00471,257243.7425,15,2022-02-14,2024-12-21
C00472,164141.413,11,2022-03-05,2024-11-20
C00473,349273.8595,19,2022-03-06,2024-12-28
C00474,227750.968,18,2022-04-02,2024-12-30
C00475,304087.1485,21,2022-01-09,2024-12-06
C00476,291875.9205,19,2022-03-08,2024-10-12
C00477,269472.977,17,2022-05-09,2024-11-14
C00478,228031.551,15,2022-01-08,2024-10-07
C00479,218518.49,19,2022-02-10,2024-12-28
C00480,216200.1465,15,2022-02-03,2024-11-24
C00481,255008.232,13,2022-04-25,2024-09-06
C00482,245890.5355,16,2022-02-26,2024-11-08
C00483,242741.7735,18,2022-01-06,2024-12-27
C00484,289480.01,18,2022-03-25,2024-10-24
C00485,218895.4315,19,2022-01-14,2024-12-04
C00486,339559.06799999997,16,2022-10-04,2024-08-24
C00487,111836.795,11,2022-08-14,2024-12-28
C00488,333660.417,18,2022-04-08,2024-12-11
C00489,368558.602,22,2022-06-19,2024-12-30
C00490,364750.5745,26,2022-05-31,2024-12-07
C00491,148101.565,16,2022-02-14,2024-12-31
C00492,363679.457,23,2022-03-11,2024-10-21
C00493,248170.2585,18,2022-01-18,2024-12-20
C00494,161981.68300000002,10,2022-01-03,2024-10-27
C00495,187151.151,16,2022-01-24,2024-12-06
C00496,177760.8045,14,2022-02-17,2024-11-24
C00497,171040.277,16,2022-03-08,2024-12-04
C00498,272643.3505,16,2022-04-16,2024-12-18
C00499,245389.5565,21,2022-02-01,2024-12-21
C00500,230574.2965,19,2022-01-10,2024-12-04
C00501,333518.88800000004,17,2022-02-02,2024-12-17
C00502,249635.30849999998,18,2022-01-26,2024-12-25
C00503,465936.311,24,2022-02-21,2024-11-07
C00504,317984.31799999997,17,2022-01-09,2024-12-17
C00505,315672.0775,25,2022-03-22,2024-12-16
C00506,373762.1185,21,2022-01-18,2024-11-19
C00507,121265.321,8,2022-11-08,2024-09-27
C00508,220242.3075,14,2022-01-26,2024-08-22
C00509,287537.473,18,2022-03-27,2024-12-24
C00510,370073.833,17,2022-06-24,2024-12-22
C00511,326173.619,15,2022-03-21,2024-12-03
C00512,331811.0845,25,2022-04-16,2024-12-08
C00513,135027.303,12,2022-06-11,2024-11-24
C00514,579005.071,16,2022-05-14,2024-11-04
C00515,263256.6655,18,2022-01-15,2024-12-07
C00516,352513.1445,24,2022-01-08,2024-10-05
C00517,354301.14749999996,19,2022-08-16,2024-11-28
C00518,252617.41700000002,19,2022-05-18,2024-12-11
C00519,207130.6175,16,2022-01-10,2024-11-13
C00520,305473.69,18,2022-01-06,2024-12-14
C00521,327127.18299999996,15,2022-07-21,2024-12-25
C00522,446468.359,19,2022-08-15,2024-11-16
C00523,148888.4925,14,2022-05-04,2024-11-10
C00524,241011.38299999997,15,2022-02-17,2024-12-28
C00525,286053.7335,18,2022-02-11,2024-12-23
C00526,234585.2325,16,2022-03-21,2024-12-27
C00527,335073.0665,14,2022-04-30,2024-10-13
C00528,260438.7465,20,2022-01-28,2024-12-01
C00529,307333.3905,15,2022-01-13,2024-11-08
C00530,373746.669,22,2022-02-23,2024-10-31
C00531,306079.5955,15,2022-02-26,2024-12-20
C00532,267818.584,11,2022-07-13,2024-12-05
C00533,185073.392,14,2022-03-24,2024-11-18
C00534,260219.27649999998,16,2022-01-13,2024-11-05
C00535,286062.123,17,2022-02-02,2024-12-25
C00536,148668.1495,13,2022-02-01,2024-12-01
C00537,347243.53849999997,15,2022-10-26,2024-12-02
C00538,498448.941,22,2022-01-28,2024-12-25
C00539,534906.426,21,2022-03-03,2024-12-28
C00540,455059.5335,21,2022-05-14,2024-10-26
C00541,123640.586,13,2022-03-07,2024-06-07
C00542,298792.11449999997,20,2022-03-07,2024-12-23
C00543,418236.2915,21,2022-02-09,2024-12-19
C00544,191448.4775,11,2022-01-12,2024-10-18
C00545,401109.664,18,2022-02-05,2024-12-17
C00546,330623.2655,11,2022-02-16,2024-03-11
C00547,297297.082,19,2022-03-31,2024-12-10
C00548,209928.4145,17,2022-01-30,2024-10-11
C00549,396458.6275,18,2022-01-29,2024-10-07
C00550,327127.364,15,2022-03-02,2024-06-09
C00551,209040.734,15,2022-01-29,2024-12-15
C00552,176769.038,13,2022-05-27,2024-11-06
C00553,314927.4925,23,2022-01-09,2024-12-21
C00554,402777.23350000003,18,2022-01-24,2024-10-21
C00555,226324.117,22,2022-01-08,2024-12-24
C00556,311830.429,23,2022-05-08,2024-08-13
C00557,321600.1105,17,2022-01-05,2024-11-12
C00558,236801.035,15,2022-01-06,2024-12-21
C00559,278489.3375,11,2022-03-14,2024-09-21
C00560,410491.4345,21,2022-01-08,2024-12-24
C00561,79497.084,9,2022-03-07,2024-02-27
C00562,227613.11,15,2022-04-22,2024-10-05
C00563,232810.62249999997,12,2022-12-13,2024-12-25
C00564,242056.228,11,2022-04-18,2024-11-17
C00565,176600.145,9,2022-05-19,2024-11-08
C00566,342827.177,24,2022-01-25,2024-12-27
C00567,383419.1175,18,2022-05-12,2024-12-30
C00568,379390.85,24,2022-02-25,2024-11-25
C00569,296351.89400000003,18,2022-02-01,2024-10-10
C00570,277718.9695,12,2022-02-14,2024-07-28
C00571,334425.315,21,2022-01-15,2024-11-14
C00572,248457.889,19,2022-07-05,2024-12-20
C00573,333615.68450000003,18,2022-02-23,2024-12-30
C00574,244018.846,15,2022-10-02,2024-12-20
C00575,347039.2065,14,2022-07-19,2024-12-03
C00576,191958.3125,10,2022-01-05,2024-11-22
C00577,391988.14499999996,17,2022-02-05,2024-12-19
C00578,465105.4895,22,2022-03-12,2024-11-28
C00579,251693.4345,17,2022-01-03,2024-11-04
C00580,364917.38550000003,15,2022-01-27,2024-12-30
C00581,380133.0055,20,2022-03-23,2024-10-03
C00582,223422.1255,12,2022-02-01,2024-09-12
C00583,207205.2125,19,2022-02-02,2024-12-15
C00584,557257.46,20,2022-01-04,2024-12-13
C00585,455916.029,18,2022-03-20,2024-12-20
C00586,415372.1705,26,2022-03-04,2024-10-07
C00587,300014.64900000003,14,2022-04-28,2024-11-22
C00588,280740.567,13,2022-05-12,2024-12-09
C00589,305200.883,19,2022-01-23,2024-11-30
C00590,348423.765,14,2022-03-11,2024-12-12
C00591,590762.7545,16,2022-12-10,2024-11-13
C00592,323840.338,21,2022-08-14,2024-12-12
C00593,429144.6935,18,2022-01-14,2024-11-25
C00594,222895.398,11,2022-09-13,2024-12-22
C00595,232132.447,11,2022-01-30,2024-05-03
C00596,295551.9175,14,2022-01-03,2024-12-17
C00597,220506.1695,13,2022-02-14,2024-11-24
C00598,323118.149,14,2022-01-01,2024-11-27
C00599,288463.952,26,2022-01-21,2024-10-21
C00600,271243.278,14,2022-02-09,2024-11-14
C00601,400379.729,20,2022-01-08,2024-12-09
C00602,340049.7055,17,2022-01-04,2024-12-05
C00603,201724.445,16,2022-01-12,2024-10-30
C00604,396254.586,26,2022-02-07,2024-12-12
C00605,439744.4545,20,2022-02-23,2024-11-13
C00606,310634.636,20,2022-01-28,2024-12-04
C00607,248019.65600000002,17,2022-01-26,2024-12-20
C00608,409061.3725,21,2022-01-21,2024-09-11
C00609,299231.875,17,2023-01-05,2024-11-14
C00610,455489.53599999996,17,2022-11-07,2024-11-23
C00611,488921.5625,29,2022-01-01,2024-12-20
C00612,288807.1115,20,2022-04-02,2024-12-31
C00613,262648.6165,16,2022-05-29,2024-03-10
C00614,247674.802,13,2022-05-11,2024-12-22
C00615,295171.955,20,2022-02-11,2024-12-09
C00616,235875.633,12,2022-02-05,2024-10-05
C00617,204935.31650000002,19,2022-01-29,2024-12-31
C00618,429357.87100000004,20,2022-02-05,2024-10-01
C00619,239177.85700000002,9,2022-06-23,2024-10-24
C00620,481325.923,25,2022-01-06,2024-11-28
C00621,253193.5625,17,2022-03-22,2024-12-18
C00622,265756.6995,17,2022-06-11,2024-12-04
C00623,450229.824,27,2022-01-29,2024-12-24
C00624,403656.4905,24,2022-06-24,2024-12-18
C00625,353896.0685,21,2022-04-12,2024-11-14
C00626,242014.453,15,2022-03-14,2024-10-22
C00627,281698.5805,15,2022-03-24,2024-11-02
C00628,329077.1505,20,2022-01-18,2024-10-28
C00629,266646.681,17,2022-06-18,2024-05-12
C00630,219685.7945,12,2022-08-05,2024-12-11
C00631,291254.164,19,2022-10-28,2024-12-27
C00632,583037.8405,24,2022-02-23,2024-12-28
C00633,136226.2985,9,2022-01-03,2024-11-30
C00634,237867.1365,15,2022-06-19,2024-11-02
C00635,145864.5,7,2022-03-16,2024-12-11
C00636,189227.49300000002,11,2022-07-07,2024-12-13
C00637,347406.913,19,2022-01-16,2024-12-10
C00638,122883.031,10,2022-03-04,2024-11-07
C00639,407888.6115,22,2022-01-17,2024-12-21
C00640,259732.2245,19,2022-02-09,2024-11-01
C00641,202526.9215,18,2022-07-28,2024-11-07
C00642,235433.01499999998,15,2022-02-04,2024-09-15
C00643,163238.969,14,2022-01-15,2024-12-03
C00644,229030.00050000002,15,2022-01-11,2024-12-11
C00645,163519.455,14,2022-08-07,2024-12-21
C00646,250189.772,15,2022-01-13,2024-12-21
C00647,332639.352,18,2022-02-03,2024-12-28
C00648,266764.67199999996,12,2022-10-02,2024-12-09
C00649,357535.516,21,2022-01-28,2024-10-03
C00650,219458.9635,14,2022-04-24,2024-12-24
C00651,237298.7295,22,2022-03-17,2024-10-26
C00652,330050.4125,19,2022-01-25,2024-12-19
C00653,347486.424,23,2022-01-12,2024-10-01
C00654,132768.255,14,2022-10-02,2024-11-24
C00655,409806.9305,17,2022-02-06,2024-12-30
C00656,319904.548,15,2022-01-22,2024-10-19
C00657,362240.648,22,2022-01-20,2024-10-21
C00658,639995.139,22,2022-02-09,2024-10-10
C00659,153406.7105,14,2022-01-10,2024-11-09
C00660,146878.901,11,2022-01-07,2024-12-22
C00661,179125.911,12,2022-02-03,2024-10-15
C00662,351063.772,12,2022-01-03,2024-12-08
C00663,391276.026,15,2023-02-21,2024-12-07
C00664,307716.636,17,2022-02-24,2024-12-20
C00665,487126.5555,20,2022-03-11,2024-12-17
C00666,369102.581,19,2022-06-13,2024-12-25
C00667,175373.7825,17,2022-03-25,2024-11-09
C00668,171907.95,11,2022-02-18,2024-12-27
C00669,224908.349,18,2022-01-30,2024-09-20
C00670,362972.96,20,2022-04-14,2024-10-03
C00671,562284.8785,21,2022-01-14,2024-12-20
C00672,355245.678,16,2022-05-15,2024-12-06
C00673,273454.16,16,2022-04-21,2024-12-18
C00674,175574.6625,16,2022-01-10,2024-11-29
C00675,191034.3495,12,2022-04-03,2024-12-09
C00676,562915.55,23,2022-02-12,2024-11-19
C00677,358146.5915,17,2022-03-09,2024-11-12
C00678,320432.7945,18,2022-10-03,2024-11-03
C00679,327791.9935,17,2022-02-04,2024-10-05
C00680,271094.302,20,2022-01-09,2024-12-21
C00681,293868.5365,13,2022-02-10,2024-05-09
C00682,343992.351,16,2022-02-14,2024-12-08
C00683,379692.927,19,2022-01-06,2024-12-31
C00684,240579.446,11,2022-04-18,2024-12-15
C00685,577051.286,25,2022-01-21,2024-12-23
C00686,207471.219,12,2022-01-30,2024-12-08
C00687,288217.888,9,2022-07-01,2024-12-16
C00688,177649.674,14,2022-02-09,2024-12-18
C00689,350036.994,19,2022-02-06,2024-12-27
C00690,128213.37,15,2022-01-11,2024-11-13
C00691,456366.1215,23,2022-02-01,2024-09-16
C00692,165010.5515,14,2022-01-28,2024-04-02
C00693,492268.3185,22,2022-02-09,2024-12-02
C00694,327698.217,19,2022-04-05,2024-07-31
C00695,196659.791,15,2022-01-03,2024-08-21
C00696,242553.794,18,2022-03-07,2024-12-13
C00697,247955.84649999999,17,2022-02-16,2024-11-06
C00698,344165.4105,17,2022-01-08,2024-12-24
C00699,334398.2835,16,2022-05-20,2024-12-07
C00700,154553.294,15,2022-01-09,2024-12-31
C00701,452111.064,20,2022-07-07,2024-11-12
C00702,142939.006,13,2022-05-15,2024-12-12
C00703,350875.7305,24,2022-02-23,2024-10-14
C00704,231174.817,17,2022-03-19,2024-11-12
C00705,328793.3,25,2022-02-13,2024-11-26
C00706,318321.2695,11,2022-02-25,2024-12-13
C00707,291224.8055,18,2022-08-18,2024-12-12
C00708,237245.9,12,2022-05-18,2024-11-05
C00709,255196.5585,15,2022-02-26,2024-11-15
C00710,347239.804,20,2022-01-20,2024-12-12
C00711,364255.306,19,2022-03-08,2024-12-15
C00712,332502.708,19,2022-08-27,2024-12-26
C00713,525437.9425,13,2022-11-13,2024-12-06
C00714,440757.899,16,2022-03-14,2024-12-14
C00715,245689.756,15,2022-03-21,2024-05-11
C00716,325284.26,18,2022-04-04,2024-12-31
C00717,289540.99,20,2022-02-09,2024-11-27
C00718,291556.255,14,2022-01-09,2024-12-31
C00719,206212.83200000002,11,2022-11-18,2024-12-14
C00720,289144.193,19,2022-05-16,2024-11-23
C00721,389397.1005,23,2022-06-03,2024-10-30
C00722,432693.6265,20,2022-04-21,2024-12-18
C00723,198157.3945,12,2022-03-13,2024-12-27
C00724,250668.812,12,2022-10-08,2024-10-30
C00725,527676.935,25,2022-02-15,2024-12-01
C00726,261017.38,20,2022-01-07,2024-11-02
C00727,230020.968,16,2022-06-07,2024-12-05
C00728,310899.3275,20,2022-01-03,2024-12-03
C00729,164191.588,14,2022-02-03,2024-12-28
C00730,254540.94150000002,11,2022-04-17,2024-10-01
C00731,304223.5045,21,2022-10-05,2024-12-16
C00732,321508.019,19,2022-03-09,2024-12-21
C00733,481472.8995,20,2022-02-19,2024-12-27
C00734,299623.3345,16,2022-09-26,2024-12-29
C00735,357637.4165,16,2022-04-20,2024-10-05
C00736,169614.618,14,2022-01-14,2024-11-21
C00737,205117.822,15,2022-02-16,2024-08-04
C00738,319708.7095,21,2022-02-10,2024-12-27
C00739,241789.07650000002,11,2022-02-23,2024-05-13
C00740,373524.7095,15,2022-05-25,2024-11-15
C00741,202173.3755,20,2022-05-16,2024-12-17
C00742,242537.2235,20,2022-03-21,2024-12-20
C00743,336930.5205,19,2022-04-18,2024-12-05
C00744,224934.727,17,2022-08-13,2024-12-02
C00745,282061.85349999997,17,2022-03-21,2024-12-25
C00746,464383.765,29,2022-02-18,2024-12-11
C00747,378275.415,20,2022-03-07,2024-12-30
C00748,128560.3035,9,2022-02-19,2024-12-31
C00749,367998.3065,20,2022-02-19,2024-11-27
C00750,319836.248,19,2022-05-14,2024-11-25
C00751,396169.36,25,2022-01-09,2024-11-17
C00752,387978.9865,16,2022-01-19,2024-10-31
C00753,271689.914,21,2022-01-10,2024-11-12
C00754,146232.056,8,2022-02-14,2024-06-30
C00755,274384.926,12,2023-04-19,2024-10-02
C00756,238031.59149999998,18,2022-02-21,2024-12-27
C00757,261800.871,14,2022-03-17,2024-10-23
C00758,158588.947,8,2022-01-17,2024-12-12
C00759,316833.01050000003,22,2022-01-21,2024-12-01
C00760,295723.05,16,2022-05-06,2024-08-31
C00761,261040.94199999998,18,2022-01-20,2024-12-17
C00762,362884.8845,27,2022-03-08,2024-12-13
C00763,383656.466,17,2022-03-19,2024-12-18
C00764,202112.562,13,2022-04-05,2024-08-27
C00765,315736.483,16,2022-03-13,2024-12-17
C00766,252917.943,14,2022-03-21,2024-10-26
C00767,237915.189,16,2022-05-06,2024-11-03
C00768,315305.522,17,2022-01-24,2024-12-24
C00769,318169.8875,15,2022-03-08,2024-11-01
C00770,344642.955,20,2022-03-24,2024-12-09
C00771,315865.76900000003,19,2022-04-19,2024-11-18
C00772,509207.4815,24,2022-01-06,2024-12-11
C00773,327690.6805,18,2022-05-14,2024-08-26
C00774,244635.4095,16,2022-06-10,2024-09-20
C00775,395707.883,18,2022-03-31,2024-10-13
C00776,250695.9105,12,2022-02-19,2024-10-11
C00777,319449.9865,18,2022-06-18,2024-12-15
C00778,230110.6745,17,2022-02-19,2024-12-21
C00779,330620.87700000004,18,2022-06-01,2024-12-14
C00780,157894.85,16,2022-07-28,2024-11-18
C00781,234533.85450000002,21,2022-02-15,2024-11-11
C00782,292235.0285,15,2022-01-26,2024-11-20
C00783,114347.13699999999,11,2022-03-02,2024-11-13
C00784,231887.355,22,2022-06-01,2024-12-19
C00785,189728.283,15,2022-01-10,2024-12-11
C00786,151654.544,11,2022-04-02,2024-11-13
C00787,268937.27150000003,17,2022-04-29,2024-12-20
C00788,290468.1965,21,2022-01-24,2024-12-11
C00789,204165.81399999998,14,2022-03-02,2024-08-14
C00790,412113.85150000005,22,2022-04-11,2024-12-30
C00791,357583.4485,25,2022-01-25,2024-12-03
C00792,311116.30700000003,14,2022-01-21,2024-12-22
C00793,261847.47,19,2022-02-15,2024-12-16
C00794,262592.196,9,2022-04-03,2024-10-05
C00795,423166.441,15,2023-04-21,2024-11-25
C00796,151787.57200000001,12,2022-01-18,2024-12-23
C00797,201422.383,12,2022-05-13,2024-10-27
C00798,240501.742,20,2022-01-21,2024-12-07
C00799,345418.2155,24,2022-01-14,2024-11-19
C00800,376934.936,20,2022-02-24,2024-12-01
C00801,420775.038,20,2022-04-30,2024-12-28
C00802,474014.6445,18,2022-01-11,2024-12-15
C00803,400973.619,15,2022-01-15,2024-12-27
C00804,269214.684,18,2022-06-11,2024-09-04
C00805,350922.0255,19,2022-02-12,2024-10-27
C00806,117737.12849999999,12,2022-05-12,2024-12-27
C00807,336629.15449999995,16,2022-04-05,2024-10-21
C00808,197666.3725,10,2022-06-18,2024-11-16
C00809,257187.3915,15,2022-10-27,2024-12-21
C00810,402346.8105,17,2022-02-03,2024-11-25
C00811,316156.457,15,2022-02-03,2024-10-19
C00812,221710.601,15,2022-02-14,2024-10-02
C00813,278467.4455,18,2022-07-31,2024-11-05
C00814,353661.2345,22,2022-01-02,2024-11-23
C00815,113762.4705,11,2022-04-05,2024-12-19
C00816,189657.689,17,2022-07-05,2024-11-27
C00817,202178.186,17,2022-02-07,2024-12-03
C00818,403665.1465,22,2022-01-07,2024-11-30
C00819,288298.8455,20,2022-01-04,2024-07-01
C00820,272405.851,16,2022-01-26,2024-11-17
C00821,369949.2135,15,2022-01-03,2024-10-25
C00822,341877.429,15,2022-06-28,2024-12-11
C00823,154032.2835,12,2022-03-13,2024-12-24
C00824,395165.65249999997,20,2022-01-09,2024-12-20
C00825,324879.329,20,2022-02-16,2024-12-28
C00826,244212.127,16,2022-01-20,2024-12-25
C00827,247333.7375,15,2022-01-30,2024-12-27
C00828,330956.673,16,2022-03-15,2024-10-09
C00829,438715.746,20,2022-06-01,2024-11-15
C00830,327794.38,19,2022-04-28,2024-12-19
C00831,144606.652,12,2022-01-22,2024-12-29
C00832,303159.0905,14,2022-01-31,2024-12-12
C00833,363464.06799999997,23,2022-05-04,2024-12-21
C00834,326404.472,15,2022-02-15,2024-11-21
C00835,424352.1135,16,2022-03-29,2024-12-29
C00836,193108.198,15,2022-03-12,2024-12-02
C00837,213378.1735,18,2022-02-08,2024-12-14
C00838,281025.962,10,2023-06-18,2024-12-29
C00839,351761.0865,22,2022-01-15,2024-11-29
C00840,217731.3175,14,2022-04-13,2024-08-13
C00841,242612.737,14,2022-03-06,2024-11-25
C00842,265311.263,12,2022-05-22,2024-12-15
C00843,260709.582,12,2022-01-13,2024-07-09
C00844,212386.8145,12,2022-01-19,2024-10-07
C00845,262095.61250000002,18,2022-01-03,2024-12-25
C00846,355784.984,24,2022-01-10,2024-12-26
C00847,265108.80700000003,17,2022-01-07,2024-11-10
C00848,400034.748,27,2022-01-31,2024-12-18
C00849,268068.931,16,2022-03-04,2024-12-13
C00850,361182.85150000005,22,2022-01-07,2024-12-22
C00851,244317.806,16,2022-01-10,2024-12-13
C00852,301077.879,19,2022-01-25,2024-12-26
C00853,174964.5765,17,2022-01-12,2024-12-08
C00854,323212.1415,14,2022-06-08,2024-09-21
C00855,422567.883,22,2022-03-23,2024-11-30
C00856,296152.5955,13,2022-11-04,2024-06-16
C00857,177932.443,8,2022-06-19,2024-10-06
C00858,305464.45650000003,17,2022-01-14,2024-06-12
C00859,386115.522,17,2022-02-20,2024-10-08
C00860,227706.197,18,2022-03-02,2024-11-13
C00861,394653.342,20,2022-05-14,2024-11-30
C00862,291263.272,20,2022-01-02,2024-12-22
C00863,260065.6165,15,2022-05-17,2024-12-22
C00864,270169.258,14,2022-04-11,2024-10-31
C00865,449949.487,19,2022-01-04,2024-11-10
C00866,291710.9085,15,2022-02-04,2024-12-05
C00867,166776.642,12,2022-03-24,2024-11-05
C00868,275144.05199999997,18,2022-01-07,2024-06-18
C00869,393631.0605,17,2022-01-09,2024-10-07
C00870,428352.55449999997,19,2022-03-23,2024-12-22
C00871,326310.0,19,2022-01-07,2024-12-06
C00872,242162.49300000002,13,2022-02-22,2024-12-25
C00873,290042.7165,21,2022-03-24,2024-10-07
C00874,466400.2295,14,2022-03-09,2024-12-02
C00875,384797.74,21,2022-01-01,2024-11-15
C00876,103365.02450000001,8,2022-01-21,2024-09-21
C00877,416651.1395,21,2022-04-02,2024-11-10
C00878,336128.789,20,2022-02-22,2024-10-22
C00879,354367.555,24,2022-03-11,2024-12-10
C00880,249218.2015,13,2022-05-25,2024-12-23
C00881,370679.69550000003,19,2022-04-22,2024-11-21
C00882,242104.2935,21,2022-03-03,2024-11-09
C00883,288359.724,22,2022-06-02,2024-11-28
C00884,268316.6545,16,2022-01-07,2024-05-02
C00885,601047.5845,28,2022-05-10,2024-12-15
C00886,350441.104,23,2022-06-19,2024-11-16
C00887,212849.239,16,2022-01-17,2024-10-17
C00888,324433.0845,18,2022-01-03,2024-12-21
C00889,364037.1365,20,2022-01-10,2024-12-29
C00890,535549.6555,19,2022-01-19,2024-11-10
C00891,122456.9105,11,2022-03-13,2024-12-23
C00892,417858.043,19,2022-03-13,2024-11-27
C00893,390339.7655,23,2022-01-14,2024-11-14
C00894,565009.6955,22,2022-05-03,2024-11-18
C00895,85832.9935,9,2022-02-04,2024-07-20
C00896,338394.7975,18,2022-01-01,2024-10-16
C00897,138986.2145,12,2022-06-12,2024-11-27
C00898,534364.9569999999,26,2022-02-05,2024-12-29
C00899,387558.516,22,2022-03-30,2024-12-29
C00900,230977.7105,15,2022-06-22,2024-12-22
C00901,344655.019,15,2022-01-15,2024-12-04
C00902,307468.27,18,2022-01-25,2024-12-26
C00903,255165.5195,13,2022-01-01,2024-11-22
C00904,173326.635,12,2022-01-07,2024-10-30
C00905,297914.993,17,2022-05-12,2024-12-08
C00906,163504.237,11,2022-01-17,2024-12-26
C00907,239558.2985,19,2022-01-04,2024-12-30
C00908,117340.598,13,2022-07-17,2024-12-13
C00909,359576.5215,16,2022-02-22,2024-12-26
C00910,150678.767,14,2022-01-04,2024-12-24
C00911,408071.0565,20,2022-01-17,2024-11-29
C00912,345674.799,18,2022-07-14,2024-12-20
C00913,112470.0255,13,2022-03-09,2024-10-29
C00914,383591.9395,23,2022-01-05,2024-12-26
C00915,187471.297,15,2022-03-14,2024-12-31
C00916,492301.701,25,2022-01-18,2024-12-24
C00917,335705.276,17,2022-02-01,2024-10-21
C00918,63142.744,8,2022-04-13,2024-01-03
C00919,425597.603,19,2022-02-06,2024-12-25
C00920,299002.349,14,2022-02-04,2024-12-21
C00921,297429.761,21,2022-01-05,2024-11-08
C00922,145191.9865,13,2022-08-24,2024-12-23
C00923,319555.5955,14,2022-01-18,2024-12-06
C00924,293622.357,15,2022-06-15,2024-08-14
C00925,322265.2,20,2022-01-13,2024-07-16
C00926,248118.954,17,2022-01-18,2024-12-20
C00927,259886.2735,16,2022-03-27,2024-12-20
C00928,166865.098,10,2022-04-18,2024-10-22
C00929,226625.56949999998,12,2022-01-07,2024-12-03
C00930,318026.334,21,2022-01-13,2024-08-20
C00931,201535.6085,14,2022-03-09,2024-12-31
C00932,178950.527,20,2022-03-20,2024-12-26
C00933,344707.495,17,2022-04-13,2024-11-25
C00934,442818.02,22,2022-04-23,2024-11-13
C00935,479727.0555,19,2022-03-09,2024-12-11
C00936,669333.0015,25,2022-01-03,2024-12-24
C00937,479080.0235,15,2022-09-09,2024-12-26
C00938,350752.434,17,2022-01-09,2024-04-28
C00939,629055.654,25,2022-01-28,2024-12-22
C00940,215147.1065,14,2022-02-22,2024-11-17
C00941,348953.778,21,2022-01-24,2024-12-25
C00942,209725.9445,12,2022-01-06,2024-12-02
C00943,381377.5145,20,2022-01-02,2024-07-29
C00944,186942.6875,18,2022-01-08,2024-10-11
C00945,307577.2075,20,2022-01-15,2024-12-08
C00946,254286.51849999998,18,2022-04-27,2024-12-04
C00947,310753.7425,17,2022-06-26,2024-11-21
C00948,367103.649,21,2022-03-22,2024-12-21
C00949,379488.6635,17,2022-01-03,2024-11-07
C00950,394810.3025,20,2022-05-03,2024-12-22
C00951,335282.579,15,2022-01-07,2024-12-28
C00952,365480.8725,19,2022-05-31,2024-12-30
C00953,149184.38199999998,9,2022-05-31,2024-09-25
C00954,299204.609,15,2022-01-01,2024-12-13
C00955,264045.9475,18,2022-01-14,2024-12-10
C00956,253865.22,16,2022-01-30,2024-11-24
C00957,232368.34,17,2022-06-17,2024-11-18
C00958,104668.4095,10,2022-04-30,2024-07-11
C00959,192525.029,19,2022-01-04,2024-12-24
C00960,298873.413,17,2022-02-06,2024-10-27
C00961,416286.0825,23,2022-01-31,2024-12-26
C00962,310732.9605,16,2022-02-16,2024-11-11
C00963,270679.276,11,2022-02-03,2024-12-27
C00964,248781.573,10,2022-01-12,2023-11-23
C00965,276466.2805,17,2022-01-24,2024-11-30
C00966,256706.371,13,2022-07-03,2024-11-30
C00967,210919.734,14,2022-02-13,2024-12-05
C00968,330674.665,18,2022-01-18,2024-12-22
C00969,224197.185,16,2022-04-30,2024-11-11
C00970,162140.34,14,2022-07-11,2024-12-17
C00971,233443.6095,13,2022-09-09,2024-12-28
C00972,278697.7555,18,2022-02-06,2024-11-03
C00973,479808.03500000003,21,2022-04-22,2024-12-14
C00974,307830.3335,20,2022-01-31,2024-12-20
C00975,218154.61049999998,18,2022-01-14,2024-07-26
C00976,328585.315,23,2022-02-21,2024-12-10
C00977,257452.5165,14,2022-03-03,2024-12-31
C00978,110453.29800000001,10,2022-03-31,2024-10-27
C00979,335660.0695,18,2022-01-07,2024-09-10
C00980,300618.51,20,2022-01-08,2024-11-13
C00981,172297.92250000002,14,2022-06-17,2024-11-12
C00982,235859.6505,14,2022-03-19,2024-11-15
C00983,266713.737,15,2022-02-07,2024-10-31
C00984,339590.203,21,2022-01-01,2024-10-06
C00985,374844.9265,16,2022-01-01,2024-12-30
C00986,403161.1655,17,2022-01-02,2024-12-14
C00987,275449.611,19,2022-03-11,2024-12-17
C00988,315784.842,23,2022-01-03,2024-12-27
C00989,275264.87100000004,18,2022-02-28,2024-10-06
C00990,395585.692,19,2022-01-02,2024-12-28
C00991,248048.9705,23,2022-01-07,2024-12-09
C00992,334466.45900000003,12,2022-01-23,2024-12-16
C00993,300487.724,18,2022-03-16,2024-11-10
C00994,398779.5325,22,2022-02-24,2024-12-28
C00995,260311.176,14,2022-06-11,2024-12-22
C00996,313090.962,19,2022-08-08,2024-12-21
C00997,311305.526,19,2022-04-22,2024-12-26
C00998,389472.914,19,2022-01-04,2024-12-27
C00999,195238.594,13,2022-01-22,2024-10-29
C01000,217361.315,18,2022-03-30,2024-12-15
C01001,255423.139,15,2022-01-02,2024-12-27
C01002,428424.8785,19,2022-03-22,2024-11-27
C01003,158371.014,8,2022-07-19,2024-10-17
C01004,314373.826,15,2022-05-19,2024-11-24
C01005,173891.179,11,2022-01-04,2024-10-21
C01006,355360.8925,20,2022-02-11,2024-11-24
C01007,299874.7725,16,2022-05-30,2024-12-05
C01008,248846.793,20,2022-01-05,2024-10-31
C01009,322165.4225,18,2022-01-26,2024-07-12
C01010,106633.6865,11,2022-03-01,2024-12-08
C01011,436539.2735,19,2022-01-22,2024-12-22
C01012,415672.3505,17,2022-05-18,2024-08-08
C01013,306901.518,15,2022-01-03,2024-11-22
C01014,402578.483,23,2022-02-06,2024-12-20
C01015,357866.597,21,2022-01-02,2024-12-10
C01016,240596.2575,14,2022-01-20,2024-12-05
C01017,314225.465,18,2022-01-18,2024-12-25
C01018,385508.3735,19,2022-03-19,2024-09-15
C01019,247771.0135,16,2022-01-22,2024-11-29
C01020,259709.586,16,2022-03-12,2024-12-17
C01021,290371.691,16,2022-06-10,2024-06-24
C01022,221732.55,15,2022-06-27,2024-11-13
C01023,221660.539,13,2022-02-15,2024-11-25
C01024,187050.40600000002,14,2022-03-19,2024-11-10
C01025,201324.41150000002,16,2022-02-02,2024-12-15
C01026,309917.6575,18,2022-06-18,2024-12-18
C01027,174329.877,11,2022-04-10,2024-12-10
C01028,398980.52499999997,19,2022-08-07,2024-10-27
C01029,128824.3165,13,2022-07-01,2024-12-31
C01030,344333.79,17,2022-02-23,2024-10-22
C01031,474308.9825,17,2022-05-23,2024-11-16
C01032,500707.527,25,2022-03-17,2024-12-03
C01033,316198.27,14,2022-04-19,2024-12-08
C01034,371101.6965,13,2022-04-12,2024-11-19
C01035,285428.089,11,2022-06-13,2024-07-23
C01036,167831.028,13,2022-02-19,2024-12-17
C01037,286920.2335,18,2022-01-06,2024-10-21
C01038,265328.1685,25,2022-01-15,2024-12-29
C01039,124627.4525,12,2022-11-24,2024-12-28
C01040,220983.54,13,2022-10-08,2024-12-14
C01041,278978.994,18,2022-02-16,2024-11-21
C01042,191084.1835,17,2022-01-16,2024-10-15
C01043,531014.907,21,2022-04-11,2024-12-29
C01044,278809.505,19,2022-01-25,2024-11-16
C01045,360650.4055,23,2022-03-27,2024-12-21
C01046,318115.099,21,2022-01-24,2024-12-13
C01047,334022.247,19,2022-03-02,2024-12-16
C01048,328856.197,19,2022-03-14,2024-12-30
C01049,226810.6175,15,2022-04-25,2024-11-12
C01050,264160.464,16,2022-06-19,2024-11-21
C01051,280569.3295,25,2022-03-24,2024-12-21
C01052,347633.4135,18,2022-01-07,2024-12-12
C01053,355321.234,22,2022-01-11,2024-12-06
C01054,198750.4185,21,2022-01-22,2024-12-02
C01055,396659.3375,23,2022-01-05,2024-11-14
C01056,166744.823,14,2022-06-25,2024-12-10
C01057,300537.2105,22,2022-03-06,2024-12-24
C01058,289120.352,16,2022-03-20,2024-11-10
C01059,482666.08,23,2022-03-11,2024-12-13
C01060,285760.193,19,2022-04-14,2024-07-24
C01061,277857.004,15,2022-08-21,2024-12-03
C01062,374554.41599999997,21,2022-02-09,2024-12-23
C01063,165420.675,9,2022-04-06,2024-12-30
C01064,521709.94399999996,20,2022-02-05,2024-12-03
C01065,243604.988,22,2022-05-14,2024-12-09
C01066,320592.614,21,2022-01-18,2024-09-28
C01067,369208.843,14,2022-04-11,2024-12-11
C01068,195761.2755,15,2022-01-02,2024-11-19
C01069,232124.012,10,2022-03-18,2024-12-19
C01070,215604.93949999998,15,2022-02-03,2024-02-09
C01071,250046.5295,22,2022-04-22,2024-12-03
C01072,315283.23699999996,19,2022-01-15,2024-08-12
C01073,213436.439,19,2022-01-08,2024-12-28
C01074,196371.133,18,2022-03-25,2024-12-21
C01075,303091.5515,19,2022-02-28,2024-12-28
C01076,265317.876,15,2022-02-23,2024-10-27
C01077,225788.7135,16,2022-05-18,2024-12-07
C01078,237912.276,14,2022-02-21,2024-08-21
C01079,409181.642,25,2022-06-12,2024-12-31
C01080,209375.684,13,2022-03-16,2024-10-01
C01081,340989.1885,20,2022-01-01,2024-12-26
C01082,349049.9065,18,2022-06-24,2024-12-09
C01083,269212.61199999996,16,2022-02-27,2024-12-02
C01084,458324.5515,21,2022-04-01,2024-12-31
C01085,383458.194,18,2022-03-05,2024-10-30
C01086,222993.972,12,2022-07-27,2024-12-28
C01087,211374.7475,14,2022-09-11,2024-12-19
C01088,387622.11950000003,16,2022-10-11,2024-12-27
C01089,595982.392,27,2022-01-11,2024-12-16
C01090,246231.32049999997,11,2022-01-02,2024-10-29
C01091,265956.4205,19,2022-01-27,2024-11-09
C01092,384214.8805,17,2022-06-20,2024-12-28
C01093,389620.84849999996,17,2022-02-06,2024-12-07
C01094,471142.23949999997,19,2022-01-14,2024-12-21
C01095,198294.7585,15,2022-03-11,2024-12-25
C01096,187930.92450000002,8,2022-01-17,2023-11-25
C01097,568584.3345,21,2022-01-24,2024-09-25
C01098,486251.4745,19,2022-05-08,2024-12-25
C01099,292582.289,19,2022-01-30,2024-12-26
C01100,324866.8035,17,2022-02-27,2024-12-27
C01101,280518.85349999997,16,2022-03-28,2024-11-06
C01102,218498.099,19,2022-05-13,2024-11-02
C01103,355733.0175,15,2022-02-03,2024-12-15
C01104,528577.485,21,2022-03-13,2024-12-18
C01105,144125.602,11,2022-04-02,2024-10-18
C01106,128508.511,11,2022-01-09,2024-11-05
C01107,275442.57649999997,17,2022-06-29,2024-08-25
C01108,274046.00800000003,18,2022-01-10,2024-11-02
C01109,119667.9405,9,2022-10-21,2024-12-05
C01110,334000.511,21,2022-01-01,2024-10-24
C01111,298609.8765,19,2022-01-03,2024-11-12
C01112,309779.963,21,2022-01-10,2024-12-03
C01113,210675.905,18,2022-05-18,2024-11-16
C01114,320017.212,23,2022-01-08,2024-12-22
C01115,381388.8135,17,2022-01-06,2024-09-30
C01116,317590.3995,22,2022-01-28,2024-12-25
C01117,378947.704,16,2022-01-13,2024-12-21
C01118,325980.409,12,2022-08-15,2024-12-24
C01119,232160.11299999998,11,2022-03-17,2024-10-10
C01120,210824.649,21,2022-03-02,2024-12-19
C01121,157442.336,11,2022-04-23,2024-11-19
C01122,405758.5865,27,2022-01-16,2024-12-26
C01123,249227.646,17,2022-02-15,2024-11-11
C01124,435684.4025,20,2022-01-07,2024-10-17
C01125,270646.737,19,2022-07-24,2024-12-11
C01126,377586.441,22,2022-01-25,2024-12-04
C01127,195150.224,17,2022-02-20,2024-12-05
C01128,166806.6635,12,2022-02-16,2024-12-27
C01129,372195.4405,22,2022-06-17,2024-12-22
C01130,424200.35750000004,18,2022-01-21,2023-11-27
C01131,327647.137,22,2022-03-27,2024-12-22
C01132,274451.10099999997,14,2022-01-23,2024-07-15
C01133,259569.5,17,2022-03-19,2024-11-06
C01134,221124.015,14,2022-02-27,2024-12-14
C01135,329629.91500000004,11,2022-01-11,2024-11-21
C01136,334604.7605,21,2022-04-10,2024-12-18
C01137,435668.39400000003,19,2022-01-04,2024-12-30
C01138,318730.39499999996,16,2022-01-28,2024-10-09
C01139,255468.707,18,2022-02-14,2024-12-27
C01140,328113.845,18,2022-04-03,2024-10-30
C01141,232437.83599999998,20,2022-04-19,2024-12-17
C01142,207441.8635,19,2022-01-05,2024-10-14
C01143,552169.7355,25,2022-04-17,2024-12-14
C01144,278548.88899999997,16,2022-04-28,2024-12-08
C01145,241588.26,14,2022-03-09,2024-12-15
C01146,202573.25799999997,13,2022-07-24,2024-11-11
C01147,340723.2605,23,2022-05-02,2024-11-06
C01148,302111.799,21,2022-03-08,2024-10-09
C01149,293868.1135,22,2022-02-23,2024-12-31
C01150,38378.915,8,2022-08-27,2024-12-22
C01151,255452.9255,18,2022-04-13,2024-12-07
C01152,485599.135,19,2022-11-26,2024-11-11
C01153,356183.1535,13,2022-09-07,2024-10-23
C01154,429954.576,21,2022-02-15,2024-12-23
C01155,213830.561,15,2022-05-05,2024-12-28
C01156,239133.75,14,2022-02-26,2024-09-24
C01157,126923.974,12,2022-02-26,2024-10-06
C01158,257466.5525,11,2022-04-24,2024-11-28
C01159,198834.45249999998,15,2022-08-10,2024-11-28
C01160,340873.3715,21,2022-06-17,2024-12-03
C01161,296131.338,19,2022-03-08,2024-11-30
C01162,203376.8695,14,2022-05-01,2024-12-12
C01163,388134.892,12,2022-08-02,2024-11-30
C01164,409139.9045,15,2022-02-03,2024-05-22
C01165,216076.0025,15,2022-01-28,2024-12-12
C01166,323628.116,19,2022-01-24,2024-12-10
C01167,256901.1985,19,2022-03-18,2024-12-20
C01168,182176.293,12,2022-01-15,2024-10-21
C01169,300496.551,25,2022-01-16,2024-12-16
C01170,304334.131,17,2022-04-15,2024-11-05
C01171,282404.21249999997,14,2022-03-08,2024-10-26
C01172,381776.6045,12,2022-01-01,2024-12-14
C01173,313526.2185,16,2022-01-18,2024-11-12
C01174,292074.33499999996,19,2022-01-15,2024-12-17
C01175,404276.111,17,2022-01-30,2024-12-26
C01176,351121.824,15,2022-02-28,2024-11-24
C01177,357099.1455,19,2022-02-08,2024-11-28
C01178,320992.8585,19,2022-05-11,2024-12-04
C01179,310084.711,20,2022-04-18,2024-12-07
C01180,200583.961,14,2022-03-19,2024-12-31
C01181,210210.525,16,2022-03-02,2024-12-25
C01182,323804.003,20,2022-05-29,2024-11-22
C01183,209169.2305,12,2022-03-20,2024-11-24
C01184,296646.505,16,2022-07-11,2024-12-24
C01185,422346.278,22,2022-11-08,2024-12-27
C01186,190622.01,14,2022-08-13,2024-09-16
C01187,373045.343,22,2022-01-06,2024-12-21
C01188,251827.96600000001,18,2022-02-04,2024-12-12
C01189,155367.50400000002,14,2022-03-02,2024-12-01
C01190,290678.219,14,2022-02-26,2024-11-17
C01191,550028.641,22,2022-02-28,2024-12-31
C01192,184858.1775,16,2022-01-28,2024-11-30
C01193,213684.662,12,2022-03-02,2024-09-01
C01194,332372.67100000003,18,2022-05-10,2024-11-14
C01195,350686.489,22,2022-02-07,2024-12-07
C01196,353868.7435,21,2022-01-27,2024-12-28
C01197,422649.75,15,2022-01-08,2024-12-22
C01198,380340.7065,22,2022-06-11,2024-11-27
C01199,265678.851,15,2022-01-21,2024-12-13
C01200,415846.9405,18,2022-03-25,2024-12-28
