date,channel,spend,clicks,conversions
2023-01-01,Facebook,4859.19,73,2
2023-01-01,Google,3865.89,157,5
2023-01-01,Email,2762.83,31,0
2023-01-01,Instagram,4823.51,182,3
2023-01-02,Facebook,3177.66,42,0
2023-01-02,Google,1039.49,11,0
2023-01-02,Email,3175.34,45,1
2023-01-02,Instagram,3126.53,50,2
2023-01-03,Facebook,1419.17,18,0
2023-01-03,Google,2281.04,30,0
2023-01-03,Email,1922.8,23,0
2023-01-03,Instagram,2562.28,25,1
2023-01-04,Facebook,829.67,22,0
2023-01-04,Google,4699.67,51,2
2023-01-04,Email,2162.87,66,2
2023-01-04,Instagram,3665.93,53,2
2023-01-05,Facebook,3442.89,166,7
2023-01-05,Google,1847.2,25,1
2023-01-05,Email,1104.31,37,0
2023-01-05,Instagram,2989.51,71,2
2023-01-06,Facebook,3729.25,102,3
2023-01-06,Google,1687.93,28,1
2023-01-06,Email,4307.47,157,4
2023-01-06,Instagram,1745.06,86,3
2023-01-07,Facebook,3367.01,82,3
2023-01-07,Google,2982.56,55,0
2023-01-07,Email,838.6,9,0
2023-01-07,Instagram,2955.16,34,1
2023-01-08,Facebook,1166.42,38,0
2023-01-08,Google,4545.42,54,2
2023-01-08,Email,4545.16,123,2
2023-01-08,Instagram,962.57,11,0
2023-01-09,Facebook,2328.7,33,0
2023-01-09,Google,4684.46,52,2
2023-01-09,Email,4148.47,45,0
2023-01-09,Instagram,3814.54,81,3
2023-01-10,Facebook,4110.06,46,1
2023-01-10,Google,1700.63,20,0
2023-01-10,Email,4424.75,49,0
2023-01-10,Instagram,4174.64,73,1
2023-01-11,Facebook,4079.05,106,1
2023-01-11,Google,1369.08,29,1
2023-01-11,Email,4851.0,114,4
2023-01-11,Instagram,2298.55,23,0
2023-01-12,Facebook,4726.57,161,7
2023-01-12,Google,1303.56,13,0
2023-01-12,Email,987.81,18,0
2023-01-12,Instagram,1911.55,27,0
2023-01-13,Facebook,2233.38,33,0
2023-01-13,Google,3689.53,183,8
2023-01-13,Email,2923.03,37,1
2023-01-13,Instagram,3517.83,71,0
2023-01-14,Facebook,3489.07,75,1
2023-01-14,Google,4316.07,55,1
2023-01-14,Email,1891.78,35,0
2023-01-14,Instagram,1830.45,60,1
2023-01-15,Facebook,4731.64,63,2
2023-01-15,Google,3269.82,74,2
2023-01-15,Email,501.83,11,0
2023-01-15,Instagram,3109.93,42,1
2023-01-16,Facebook,2489.72,67,1
2023-01-16,Google,4555.31,54,0
2023-01-16,Email,881.58,14,0
2023-01-16,Instagram,2008.35,23,0
2023-01-17,Facebook,3527.58,92,1
2023-01-17,Google,609.91,15,0
2023-01-17,Email,4323.82,167,4
2023-01-17,Instagram,3333.94,93,3
2023-01-18,Facebook,2724.7,68,2
2023-01-18,Google,524.95,6,0
2023-01-18,Email,979.64,18,0
2023-01-18,Instagram,4810.85,78,0
2023-01-19,Facebook,1621.39,18,0
2023-01-19,Google,4106.37,55,2
2023-01-19,Email,3179.54,33,1
2023-01-19,Instagram,3256.94,42,1
2023-01-20,Facebook,4237.56,66,3
2023-01-20,Google,3846.45,66,1
2023-01-20,Email,1612.58,22,0
2023-01-20,Instagram,2845.85,40,0
2023-01-21,Facebook,848.68,19,0
2023-01-21,Google,1938.69,30,0
2023-01-21,Email,1540.68,20,0
2023-01-21,Instagram,789.03,14,0
2023-01-22,Facebook,2370.98,64,1
2023-01-22,Google,4571.77,68,2
2023-01-22,Email,4355.29,53,1
2023-01-22,Instagram,526.53,10,0
2023-01-23,Facebook,4340.52,45,1
2023-01-23,Google,3863.82,60,2
2023-01-23,Email,1492.42,39,1
2023-01-23,Instagram,630.61,13,0
2023-01-24,Facebook,2319.43,69,1
2023-01-24,Google,1074.33,15,0
2023-01-24,Email,2273.09,34,0
2023-01-24,Instagram,3392.37,109,3
2023-01-25,Facebook,726.28,14,0
2023-01-25,Google,1970.81,24,0
2023-01-25,Email,3884.04,44,0
2023-01-25,Instagram,868.58,40,1
2023-01-26,Facebook,4999.59,104,3
2023-01-26,Google,4015.55,55,2
2023-01-26,Email,4773.25,132,1
2023-01-26,Instagram,1185.72,39,1
2023-01-27,Facebook,3037.86,81,3
2023-01-27,Google,3951.04,118,4
2023-01-27,Email,3865.67,132,5
2023-01-27,Instagram,4841.24,168,1
2023-01-28,Facebook,1903.81,25,1
2023-01-28,Google,2284.94,29,0
2023-01-28,Email,3607.76,51,0
2023-01-28,Instagram,3976.16,45,1
2023-01-29,Facebook,1044.75,10,0
2023-01-29,Google,2062.42,38,0
2023-01-29,Email,2776.82,58,2
2023-01-29,Instagram,4200.49,147,7
2023-01-30,Facebook,3360.13,38,1
2023-01-30,Google,2459.69,31,1
2023-01-30,Email,1715.37,20,0
2023-01-30,Instagram,2675.74,48,1
2023-01-31,Facebook,1707.78,19,0
2023-01-31,Google,889.98,9,0
2023-01-31,Email,2591.19,37,0
2023-01-31,Instagram,629.15,7,0
2023-02-01,Facebook,1454.54,17,0
2023-02-01,Google,4461.44,58,1
2023-02-01,Email,545.68,5,0
2023-02-01,Instagram,3740.34,63,2
2023-02-02,Facebook,3607.74,50,1
2023-02-02,Google,4068.2,148,2
2023-02-02,Email,3613.04,81,2
2023-02-02,Instagram,2629.67,42,1
2023-02-03,Facebook,3856.71,83,3
2023-02-03,Google,1719.12,42,0
2023-02-03,Email,1366.63,46,1
2023-02-03,Instagram,3929.85,112,2
2023-02-04,Facebook,2678.89,34,1
2023-02-04,Google,2860.87,67,0
2023-02-04,Email,1373.53,35,0
2023-02-04,Instagram,563.67,8,0
2023-02-05,Facebook,4884.33,75,2
2023-02-05,Google,1068.26,11,0
2023-02-05,Email,4427.24,67,1
2023-02-05,Instagram,2482.11,71,0
2023-02-06,Facebook,4734.79,81,3
2023-02-06,Google,2303.18,88,3
2023-02-06,Email,741.24,23,0
2023-02-06,Instagram,1867.26,18,0
2023-02-07,Facebook,3940.0,57,2
2023-02-07,Google,1515.59,24,0
2023-02-07,Email,2492.24,28,1
2023-02-07,Instagram,1874.21,26,0
2023-02-08,Facebook,3830.4,39,0
2023-02-08,Google,1449.61,19,0
2023-02-08,Email,1282.16,49,0
2023-02-08,Instagram,2527.27,37,0
2023-02-09,Facebook,1541.64,20,0
2023-02-09,Google,2543.14,33,1
2023-02-09,Email,4045.23,57,2
2023-02-09,Instagram,4701.51,87,2
2023-02-10,Facebook,3414.36,36,1
2023-02-10,Google,821.34,24,0
2023-02-10,Email,3870.31,59,1
2023-02-10,Instagram,1059.59,14,0
2023-02-11,Facebook,4742.04,78,2
2023-02-11,Google,861.99,37,1
2023-02-11,Email,1950.45,48,0
2023-02-11,Instagram,4828.6,55,1
2023-02-12,Facebook,4778.54,47,1
2023-02-12,Google,1712.8,73,2
2023-02-12,Email,2617.25,36,1
2023-02-12,Instagram,1316.7,19,0
2023-02-13,Facebook,2712.77,99,2
2023-02-13,Google,1999.89,27,1
2023-02-13,Email,1984.12,26,0
2023-02-13,Instagram,4753.37,55,1
2023-02-14,Facebook,2546.72,56,1
2023-02-14,Google,4865.83,92,2
2023-02-14,Email,4946.54,68,2
2023-02-14,Instagram,2359.61,67,1
2023-02-15,Facebook,3903.99,55,2
2023-02-15,Google,1416.01,22,1
2023-02-15,Email,2471.52,32,0
2023-02-15,Instagram,4879.16,71,1
2023-02-16,Facebook,1212.7,18,0
2023-02-16,Google,919.44,9,0
2023-02-16,Email,2576.52,87,3
2023-02-16,Instagram,2742.69,35,1
2023-02-17,Facebook,1730.41,19,0
2023-02-17,Google,1596.79,24,0
2023-02-17,Email,4648.41,76,3
2023-02-17,Instagram,4388.12,104,4
2023-02-18,Facebook,2367.24,24,0
2023-02-18,Google,4192.47,98,2
2023-02-18,Email,3141.22,31,0
2023-02-18,Instagram,1168.68,18,0
2023-02-19,Facebook,2983.63,47,1
2023-02-19,Google,1948.0,55,2
2023-02-19,Email,3073.09,79,3
2023-02-19,Instagram,696.41,8,0
2023-02-20,Facebook,4151.34,81,2
2023-02-20,Google,4193.36,42,1
2023-02-20,Email,666.59,11,0
2023-02-20,Instagram,4413.65,49,1
2023-02-21,Facebook,2866.78,50,1
2023-02-21,Google,2344.9,32,0
2023-02-21,Email,2612.71,26,0
2023-02-21,Instagram,3617.17,50,2
2023-02-22,Facebook,4335.54,48,1
2023-02-22,Google,1924.98,24,0
2023-02-22,Email,4425.72,193,2
2023-02-22,Instagram,3340.22,35,1
2023-02-23,Facebook,3860.45,70,0
2023-02-23,Google,3351.87,37,1
2023-02-23,Email,3623.01,39,0
2023-02-23,Instagram,4082.65,93,2
2023-02-24,Facebook,1155.06,18,0
2023-02-24,Google,4066.34,121,1
2023-02-24,Email,4418.78,63,1
2023-02-24,Instagram,4607.73,146,4
2023-02-25,Facebook,1642.9,40,0
2023-02-25,Google,4120.85,44,1
2023-02-25,Email,1210.89,21,0
2023-02-25,Instagram,3144.07,44,1
2023-02-26,Facebook,1625.44,18,0
2023-02-26,Google,2231.12,38,0
2023-02-26,Email,3073.65,46,2
2023-02-26,Instagram,1828.54,18,0
2023-02-27,Facebook,1735.16,26,0
2023-02-27,Google,3851.01,160,5
2023-02-27,Email,2735.27,29,0
2023-02-27,Instagram,4094.87,59,1
2023-02-28,Facebook,3364.78,48,1
2023-02-28,Google,3744.18,51,2
2023-02-28,Email,3327.12,36,1
2023-02-28,Instagram,1890.2,34,1
2023-03-01,Facebook,3795.62,139,3
2023-03-01,Google,3863.66,113,1
2023-03-01,Email,2927.33,29,0
2023-03-01,Instagram,4610.69,53,1
2023-03-02,Facebook,4211.1,71,3
2023-03-02,Google,3859.52,81,1
2023-03-02,Email,4833.02,154,7
2023-03-02,Instagram,4370.63,56,2
2023-03-03,Facebook,4852.71,57,1
2023-03-03,Google,4058.07,192,6
2023-03-03,Email,2546.54,34,1
2023-03-03,Instagram,3130.52,36,1
2023-03-04,Facebook,987.56,25,0
2023-03-04,Google,4479.06,69,3
2023-03-04,Email,1496.15,59,2
2023-03-04,Instagram,4592.24,103,2
2023-03-05,Facebook,1129.0,11,0
2023-03-05,Google,2716.81,97,4
2023-03-05,Email,1110.49,19,0
2023-03-05,Instagram,3844.13,40,1
2023-03-06,Facebook,3840.21,118,3
2023-03-06,Google,945.6,15,0
2023-03-06,Email,4781.85,211,5
2023-03-06,Instagram,2495.22,25,1
2023-03-07,Facebook,947.1,12,0
2023-03-07,Google,4900.29,100,2
2023-03-07,Email,1354.14,45,1
2023-03-07,Instagram,2546.23,34,1
2023-03-08,Facebook,3187.16,146,6
2023-03-08,Google,1596.06,53,1
2023-03-08,Email,808.75,9,0
2023-03-08,Instagram,1471.78,16,0
2023-03-09,Facebook,1163.99,12,0
2023-03-09,Google,4362.83,138,2
2023-03-09,Email,1627.94,47,1
2023-03-09,Instagram,616.01,29,1
2023-03-10,Facebook,1570.69,34,0
2023-03-10,Google,735.8,9,0
2023-03-10,Email,3855.49,66,2
2023-03-10,Instagram,2809.57,97,2
2023-03-11,Facebook,4754.37,202,8
2023-03-11,Google,4401.41,71,2
2023-03-11,Email,4838.12,194,5
2023-03-11,Instagram,2307.28,30,0
2023-03-12,Facebook,4593.65,177,2
2023-03-12,Google,3237.34,128,2
2023-03-12,Email,3348.85,52,1
2023-03-12,Instagram,4975.82,79,2
2023-03-13,Facebook,3224.42,115,4
2023-03-13,Google,4337.57,60,2
2023-03-13,Email,3743.78,100,2
2023-03-13,Instagram,1528.22,32,0
2023-03-14,Facebook,2371.95,85,2
2023-03-14,Google,3492.99,69,1
2023-03-14,Email,4653.43,183,7
2023-03-14,Instagram,919.54,33,1
2023-03-15,Facebook,4152.96,64,2
2023-03-15,Google,3027.14,65,0
2023-03-15,Email,2091.19,28,1
2023-03-15,Instagram,4406.41,56,2
2023-03-16,Facebook,3201.85,66,2
2023-03-16,Google,1457.32,20,0
2023-03-16,Email,986.98,11,0
2023-03-16,Instagram,3931.73,59,2
2023-03-17,Facebook,4303.2,43,1
2023-03-17,Google,3261.08,45,0
2023-03-17,Email,4680.88,54,1
2023-03-17,Instagram,1311.87,17,0
2023-03-18,Facebook,2029.21,99,4
2023-03-18,Google,3048.44,58,0
2023-03-18,Email,3349.27,149,5
2023-03-18,Instagram,1468.1,27,0
2023-03-19,Facebook,2165.24,27,1
2023-03-19,Google,3054.17,113,1
2023-03-19,Email,1208.34,17,0
2023-03-19,Instagram,1724.46,23,0
2023-03-20,Facebook,2489.2,59,2
2023-03-20,Google,1012.18,18,0
2023-03-20,Email,3553.19,60,2
2023-03-20,Instagram,704.38,13,0
2023-03-21,Facebook,534.59,12,0
2023-03-21,Google,1117.56,27,0
2023-03-21,Email,534.78,6,0
2023-03-21,Instagram,2210.93,28,0
2023-03-22,Facebook,4250.09,50,0
2023-03-22,Google,4377.94,187,2
2023-03-22,Email,4645.23,52,1
2023-03-22,Instagram,3080.3,40,1
2023-03-23,Facebook,1018.28,46,1
2023-03-23,Google,4105.95,59,2
2023-03-23,Email,4638.96,171,7
2023-03-23,Instagram,1594.92,23,0
2023-03-24,Facebook,2280.95,50,1
2023-03-24,Google,1998.81,59,1
2023-03-24,Email,1013.12,16,0
2023-03-24,Instagram,2072.19,26,1
2023-03-25,Facebook,4167.67,107,1
2023-03-25,Google,1387.72,20,0
2023-03-25,Email,3449.79,100,4
2023-03-25,Instagram,2723.53,33,1
2023-03-26,Facebook,2520.07,26,0
2023-03-26,Google,3358.84,48,2
2023-03-26,Email,3322.48,103,1
2023-03-26,Instagram,2489.94,56,1
2023-03-27,Facebook,752.77,12,0
2023-03-27,Google,2533.61,103,4
2023-03-27,Email,845.29,9,0
2023-03-27,Instagram,3267.54,53,1
2023-03-28,Facebook,2994.42,35,1
2023-03-28,Google,2523.8,29,1
2023-03-28,Email,1946.87,33,0
2023-03-28,Instagram,778.43,27,1
2023-03-29,Facebook,2045.47,26,0
2023-03-29,Google,1276.52,32,0
2023-03-29,Email,2477.4,40,0
2023-03-29,Instagram,2177.83,51,1
2023-03-30,Facebook,2022.65,29,1
2023-03-30,Google,3412.87,135,1
2023-03-30,Email,3552.71,83,3
2023-03-30,Instagram,3454.54,37,1
2023-03-31,Facebook,2000.13,30,0
2023-03-31,Google,2074.19,21,0
2023-03-31,Email,2263.81,33,1
2023-03-31,Instagram,1893.12,37,1
2023-04-01,Facebook,4159.33,56,2
2023-04-01,Google,3824.49,51,1
2023-04-01,Email,3407.11,63,1
2023-04-01,Instagram,2131.69,61,1
2023-04-02,Facebook,4764.51,80,1
2023-04-02,Google,1119.04,42,1
2023-04-02,Email,955.13,11,0
2023-04-02,Instagram,4476.57,194,4
2023-04-03,Facebook,3948.38,129,3
2023-04-03,Google,1230.11,14,0
2023-04-03,Email,4140.7,124,3
2023-04-03,Instagram,2348.86,31,0
2023-04-04,Facebook,2498.89,58,2
2023-04-04,Google,2520.18,40,0
2023-04-04,Email,4138.81,71,3
2023-04-04,Instagram,2155.28,22,1
2023-04-05,Facebook,2577.56,60,1
2023-04-05,Google,2873.57,29,1
2023-04-05,Email,4105.67,132,2
2023-04-05,Instagram,3385.31,37,1
2023-04-06,Facebook,961.65,10,0
2023-04-06,Google,1782.78,21,0
2023-04-06,Email,4573.88,143,3
2023-04-06,Instagram,4758.86,126,3
2023-04-07,Facebook,2073.13,93,1
2023-04-07,Google,2759.03,70,3
2023-04-07,Email,2187.11,98,4
2023-04-07,Instagram,4276.29,59,2
2023-04-08,Facebook,1119.2,26,1
2023-04-08,Google,3632.32,116,4
2023-04-08,Email,2518.71,123,1
2023-04-08,Instagram,1651.66,19,0
2023-04-09,Facebook,3772.56,60,0
2023-04-09,Google,1796.46,40,0
2023-04-09,Email,2389.21,28,0
2023-04-09,Instagram,998.86,10,0
2023-04-10,Facebook,573.96,9,0
2023-04-10,Google,1146.1,21,0
2023-04-10,Email,1582.54,29,1
2023-04-10,Instagram,885.26,9,0
2023-04-11,Facebook,2867.27,47,2
2023-04-11,Google,2993.68,58,1
2023-04-11,Email,3360.52,34,0
2023-04-11,Instagram,573.09,6,0
2023-04-12,Facebook,3798.23,54,2
2023-04-12,Google,3808.34,81,0
2023-04-12,Email,2957.06,34,0
2023-04-12,Instagram,4006.14,70,2
2023-04-13,Facebook,3342.81,39,0
2023-04-13,Google,3992.86,70,1
2023-04-13,Email,697.13,19,0
2023-04-13,Instagram,4700.17,76,3
2023-04-14,Facebook,2943.64,73,2
2023-04-14,Google,1359.97,28,1
2023-04-14,Email,4396.09,94,1
2023-04-14,Instagram,2156.09,23,0
2023-04-15,Facebook,4525.87,88,4
2023-04-15,Google,2732.91,45,2
2023-04-15,Email,2836.74,33,1
2023-04-15,Instagram,855.17,12,0
2023-04-16,Facebook,2954.63,64,0
2023-04-16,Google,3474.14,78,2
2023-04-16,Email,2417.52,32,0
2023-04-16,Instagram,690.6,7,0
2023-04-17,Facebook,4991.68,118,5
2023-04-17,Google,4765.57,183,6
2023-04-17,Email,2134.9,25,0
2023-04-17,Instagram,4787.55,152,5
2023-04-18,Facebook,4015.9,176,2
2023-04-18,Google,4003.32,81,2
2023-04-18,Email,3052.6,44,1
2023-04-18,Instagram,4769.71,95,3
2023-04-19,Facebook,3082.65,49,1
2023-04-19,Google,3423.02,85,1
2023-04-19,Email,3810.54,63,1
2023-04-19,Instagram,3027.53,73,1
2023-04-20,Facebook,2508.23,25,0
2023-04-20,Google,4624.16,77,1
2023-04-20,Email,4337.72,77,3
2023-04-20,Instagram,2503.0,92,3
2023-04-21,Facebook,4304.85,94,2
2023-04-21,Google,792.23,12,0
2023-04-21,Email,4331.13,56,2
2023-04-21,Instagram,3369.65,40,1
2023-04-22,Facebook,1046.13,28,0
2023-04-22,Google,4056.68,183,5
2023-04-22,Email,2160.1,25,0
2023-04-22,Instagram,3253.77,120,2
2023-04-23,Facebook,4998.18,64,1
2023-04-23,Google,3961.24,46,0
2023-04-23,Email,4875.71,68,1
2023-04-23,Instagram,3560.49,74,3
2023-04-24,Facebook,4011.18,56,0
2023-04-24,Google,4848.19,88,4
2023-04-24,Email,749.36,25,0
2023-04-24,Instagram,1240.96,27,1
2023-04-25,Facebook,2057.1,21,0
2023-04-25,Google,4306.7,107,3
2023-04-25,Email,2978.79,99,2
2023-04-25,Instagram,2900.65,48,0
2023-04-26,Facebook,4737.23,146,5
2023-04-26,Google,3742.85,54,2
2023-04-26,Email,3036.28,35,0
2023-04-26,Instagram,704.58,9,0
2023-04-27,Facebook,3430.08,42,1
2023-04-27,Google,3375.46,56,1
2023-04-27,Email,1803.52,18,0
2023-04-27,Instagram,4121.1,55,1
2023-04-28,Facebook,828.38,33,0
2023-04-28,Google,2679.13,73,2
2023-04-28,Email,1906.62,24,0
2023-04-28,Instagram,4373.5,44,0
2023-04-29,Facebook,2167.43,33,0
2023-04-29,Google,2599.13,62,1
2023-04-29,Email,935.65,21,0
2023-04-29,Instagram,3269.2,82,3
2023-04-30,Facebook,1218.65,26,0
2023-04-30,Google,1907.22,23,0
2023-04-30,Email,2816.26,47,1
2023-04-30,Instagram,604.29,6,0
2023-05-01,Facebook,4850.09,130,3
2023-05-01,Google,727.43,12,0
2023-05-01,Email,3444.17,59,1
2023-05-01,Instagram,4312.28,79,3
2023-05-02,Facebook,3773.79,46,1
2023-05-02,Google,2302.62,35,0
2023-05-02,Email,2989.5,115,3
2023-05-02,Instagram,3939.82,92,4
2023-05-03,Facebook,3561.79,120,5
2023-05-03,Google,2272.57,27,0
2023-05-03,Email,4725.27,58,1
2023-05-03,Instagram,2791.05,46,0
2023-05-04,Facebook,1116.66,23,0
2023-05-04,Google,2556.45,37,1
2023-05-04,Email,1975.85,28,0
2023-05-04,Instagram,4957.77,62,1
2023-05-05,Facebook,2013.68,23,0
2023-05-05,Google,3689.33,83,3
2023-05-05,Email,2157.61,29,1
2023-05-05,Instagram,3126.66,37,1
2023-05-06,Facebook,3596.2,162,4
2023-05-06,Google,4851.82,58,2
2023-05-06,Email,3099.35,39,1
2023-05-06,Instagram,1267.3,18,0
2023-05-07,Facebook,4285.25,134,4
2023-05-07,Google,642.07,6,0
2023-05-07,Email,585.22,12,0
2023-05-07,Instagram,3607.25,68,2
2023-05-08,Facebook,4642.34,51,2
2023-05-08,Google,780.27,25,0
2023-05-08,Email,1962.72,26,0
2023-05-08,Instagram,1911.89,56,2
2023-05-09,Facebook,2040.47,42,1
2023-05-09,Google,3744.16,52,1
2023-05-09,Email,3245.34,91,1
2023-05-09,Instagram,3011.39,79,3
2023-05-10,Facebook,1839.27,42,0
2023-05-10,Google,3672.45,80,1
2023-05-10,Email,4701.65,56,1
2023-05-10,Instagram,1048.43,14,0
2023-05-11,Facebook,4910.72,57,2
2023-05-11,Google,4120.77,95,2
2023-05-11,Email,3713.64,77,2
2023-05-11,Instagram,1654.0,28,0
2023-05-12,Facebook,2923.6,30,1
2023-05-12,Google,1117.73,16,0
2023-05-12,Email,1591.06,21,0
2023-05-12,Instagram,3370.75,139,3
2023-05-13,Facebook,3728.11,132,5
2023-05-13,Google,523.32,8,0
2023-05-13,Email,2331.08,24,1
2023-05-13,Instagram,2648.52,73,3
2023-05-14,Facebook,1945.25,27,1
2023-05-14,Google,902.57,13,0
2023-05-14,Email,3754.03,39,1
2023-05-14,Instagram,1287.79,14,0
2023-05-15,Facebook,4638.36,46,1
2023-05-15,Google,2729.23,28,1
2023-05-15,Email,4667.18,51,0
2023-05-15,Instagram,3055.83,106,5
2023-05-16,Facebook,1780.53,17,0
2023-05-16,Google,2722.61,28,1
2023-05-16,Email,2606.09,73,1
2023-05-16,Instagram,1231.22,21,0
2023-05-17,Facebook,1337.9,16,0
2023-05-17,Google,3055.02,37,0
2023-05-17,Email,4352.66,47,2
2023-05-17,Instagram,2818.76,104,3
2023-05-18,Facebook,1331.52,42,0
2023-05-18,Google,1616.21,39,0
2023-05-18,Email,3891.9,40,0
2023-05-18,Instagram,3752.97,179,6
2023-05-19,Facebook,3617.46,144,2
2023-05-19,Google,1880.63,35,1
2023-05-19,Email,4528.03,59,1
2023-05-19,Instagram,1028.37,11,0
2023-05-20,Facebook,3265.81,87,1
2023-05-20,Google,1189.34,14,0
2023-05-20,Email,2371.31,37,1
2023-05-20,Instagram,2918.83,39,0
2023-05-21,Facebook,1613.59,20,0
2023-05-21,Google,868.42,15,0
2023-05-21,Email,851.46,13,0
2023-05-21,Instagram,2964.42,49,1
2023-05-22,Facebook,1174.34,25,0
2023-05-22,Google,1023.08,28,0
2023-05-22,Email,909.24,14,0
2023-05-22,Instagram,2540.45,41,1
2023-05-23,Facebook,759.82,13,0
2023-05-23,Google,3754.76,72,3
2023-05-23,Email,3856.12,58,0
2023-05-23,Instagram,2050.38,81,4
2023-05-24,Facebook,4705.62,184,8
2023-05-24,Google,642.81,12,0
2023-05-24,Email,3946.22,40,1
2023-05-24,Instagram,2391.63,24,0
2023-05-25,Facebook,4413.29,47,1
2023-05-25,Google,3572.29,48,1
2023-05-25,Email,3440.9,71,1
2023-05-25,Instagram,2917.66,46,1
2023-05-26,Facebook,1502.11,74,0
2023-05-26,Google,1842.63,24,0
2023-05-26,Email,2893.7,33,0
2023-05-26,Instagram,2057.72,48,2
2023-05-27,Facebook,3762.61,129,5
2023-05-27,Google,2386.58,29,1
2023-05-27,Email,570.41,15,0
2023-05-27,Instagram,651.09,9,0
2023-05-28,Facebook,719.04,9,0
2023-05-28,Google,1554.53,41,1
2023-05-28,Email,754.0,12,0
2023-05-28,Instagram,4171.04,53,1
2023-05-29,Facebook,3190.63,43,0
2023-05-29,Google,1857.94,59,2
2023-05-29,Email,1494.69,33,0
2023-05-29,Instagram,4768.34,52,2
2023-05-30,Facebook,3316.97,61,1
2023-05-30,Google,4875.31,51,1
2023-05-30,Email,4036.12,88,2
2023-05-30,Instagram,1171.48,23,0
2023-05-31,Facebook,2630.83,29,0
2023-05-31,Google,3684.1,43,2
2023-05-31,Email,3030.74,31,1
2023-05-31,Instagram,1103.42,27,0
2023-06-01,Facebook,3410.18,36,1
2023-06-01,Google,916.09,11,0
2023-06-01,Email,1708.08,23,0
2023-06-01,Instagram,4431.29,126,5
2023-06-02,Facebook,3759.37,58,1
2023-06-02,Google,4412.63,94,4
2023-06-02,Email,569.0,5,0
2023-06-02,Instagram,1027.92,10,0
2023-06-03,Facebook,1591.67,23,0
2023-06-03,Google,4618.07,71,2
2023-06-03,Email,2212.98,35,0
2023-06-03,Instagram,1677.03,27,0
2023-06-04,Facebook,943.74,9,0
2023-06-04,Google,4278.79,45,1
2023-06-04,Email,2362.69,36,0
2023-06-04,Instagram,1156.65,28,1
2023-06-05,Facebook,3106.14,58,0
2023-06-05,Google,1984.39,39,1
2023-06-05,Email,2746.86,37,1
2023-06-05,Instagram,1657.97,19,0
2023-06-06,Facebook,3387.63,57,0
2023-06-06,Google,4077.39,121,4
2023-06-06,Email,2697.42,28,0
2023-06-06,Instagram,3388.14,137,1
2023-06-07,Facebook,4310.14,45,1
2023-06-07,Google,3939.52,74,3
2023-06-07,Email,1541.45,20,0
2023-06-07,Instagram,2775.8,55,1
2023-06-08,Facebook,3500.4,50,1
2023-06-08,Google,2695.34,131,4
2023-06-08,Email,553.33,8,0
2023-06-08,Instagram,4898.66,229,9
2023-06-09,Facebook,3533.15,41,1
2023-06-09,Google,981.57,35,0
2023-06-09,Email,1363.69,21,0
2023-06-09,Instagram,1702.96,32,0
2023-06-10,Facebook,2327.12,35,1
2023-06-10,Google,1516.36,20,0
2023-06-10,Email,3441.81,38,1
2023-06-10,Instagram,920.75,18,0
2023-06-11,Facebook,752.52,36,0
2023-06-11,Google,2749.36,50,2
2023-06-11,Email,3046.35,34,0
2023-06-11,Instagram,2876.72,122,2
2023-06-12,Facebook,4406.53,48,1
2023-06-12,Google,709.53,27,1
2023-06-12,Email,4546.9,69,0
2023-06-12,Instagram,4679.45,103,4
2023-06-13,Facebook,3141.66,39,1
2023-06-13,Google,2292.33,87,1
2023-06-13,Email,1582.12,18,0
2023-06-13,Instagram,4534.37,97,3
2023-06-14,Facebook,1129.78,11,0
2023-06-14,Google,2753.57,28,0
2023-06-14,Email,2466.9,28,0
2023-06-14,Instagram,3960.53,41,1
2023-06-15,Facebook,3981.0,177,3
2023-06-15,Google,4966.64,83,2
2023-06-15,Email,4735.14,86,3
2023-06-15,Instagram,3473.02,129,4
2023-06-16,Facebook,4091.25,53,0
2023-06-16,Google,1193.99,15,0
2023-06-16,Email,3828.45,84,1
2023-06-16,Instagram,523.38,11,0
2023-06-17,Facebook,1713.95,56,0
2023-06-17,Google,2519.8,39,1
2023-06-17,Email,618.18,12,0
2023-06-17,Instagram,3191.2,69,1
2023-06-18,Facebook,1813.31,35,0
2023-06-18,Google,4555.11,49,2
2023-06-18,Email,3073.82,91,2
2023-06-18,Instagram,1124.78,25,0
2023-06-19,Facebook,784.7,14,0
2023-06-19,Google,2679.04,102,2
2023-06-19,Email,1609.66,22,0
2023-06-19,Instagram,1379.97,48,1
2023-06-20,Facebook,4769.71,102,3
2023-06-20,Google,4118.34,88,2
2023-06-20,Email,4169.64,46,2
2023-06-20,Instagram,1112.56,24,1
2023-06-21,Facebook,1403.83,31,1
2023-06-21,Google,4859.26,112,4
2023-06-21,Email,2709.53,41,0
2023-06-21,Instagram,2192.25,25,0
2023-06-22,Facebook,1012.5,15,0
2023-06-22,Google,2955.33,39,1
2023-06-22,Email,4788.52,84,3
2023-06-22,Instagram,2473.05,57,2
2023-06-23,Facebook,4185.35,50,1
2023-06-23,Google,2746.86,38,0
2023-06-23,Email,3463.98,44,1
2023-06-23,Instagram,832.84,8,0
2023-06-24,Facebook,2303.62,38,1
2023-06-24,Google,3612.69,56,2
2023-06-24,Email,2117.88,23,0
2023-06-24,Instagram,3371.81,125,5
2023-06-25,Facebook,3459.21,71,2
2023-06-25,Google,699.34,7,0
2023-06-25,Email,2298.28,28,1
2023-06-25,Instagram,2437.05,116,2
2023-06-26,Facebook,2798.04,45,1
2023-06-26,Google,3088.56,55,1
2023-06-26,Email,3975.54,59,1
2023-06-26,Instagram,2052.35,93,1
2023-06-27,Facebook,2371.89,24,0
2023-06-27,Google,4733.04,151,3
2023-06-27,Email,2549.0,69,2
2023-06-27,Instagram,2642.73,48,1
2023-06-28,Facebook,1935.09,43,1
2023-06-28,Google,1017.88,11,0
2023-06-28,Email,3547.13,107,5
2023-06-28,Instagram,1597.61,47,0
2023-06-29,Facebook,3019.32,31,0
2023-06-29,Google,2322.71,66,2
2023-06-29,Email,2444.61,109,3
2023-06-29,Instagram,1387.96,20,0
2023-06-30,Facebook,3671.31,100,4
2023-06-30,Google,4139.28,165,2
2023-06-30,Email,4423.91,126,2
2023-06-30,Instagram,2558.98,62,2
2023-07-01,Facebook,2874.72,40,1
2023-07-01,Google,3250.89,48,1
2023-07-01,Email,4304.83,62,2
2023-07-01,Instagram,3676.95,83,2
2023-07-02,Facebook,881.38,28,0
2023-07-02,Google,1874.21,54,2
2023-07-02,Email,2798.71,52,0
2023-07-02,Instagram,2226.69,63,2
2023-07-03,Facebook,3620.45,50,2
2023-07-03,Google,2997.11,50,0
2023-07-03,Email,1915.61,34,0
2023-07-03,Instagram,2115.68,101,1
2023-07-04,Facebook,4168.47,42,1
2023-07-04,Google,2727.36,36,0
2023-07-04,Email,4279.51,72,0
2023-07-04,Instagram,638.87,7,0
2023-07-05,Facebook,1736.84,27,0
2023-07-05,Google,2557.95,32,1
2023-07-05,Email,2973.77,102,1
2023-07-05,Instagram,3988.01,46,1
2023-07-06,Facebook,4201.75,180,6
2023-07-06,Google,2958.59,29,0
2023-07-06,Email,4235.32,52,1
2023-07-06,Instagram,4996.91,89,2
2023-07-07,Facebook,4175.28,75,3
2023-07-07,Google,3990.34,102,4
2023-07-07,Email,3145.66,65,2
2023-07-07,Instagram,3347.47,100,1
2023-07-08,Facebook,1429.79,39,0
2023-07-08,Google,2078.67,48,1
2023-07-08,Email,1956.44,25,0
2023-07-08,Instagram,1703.04,19,0
2023-07-09,Facebook,3556.85,128,6
2023-07-09,Google,4035.61,43,2
2023-07-09,Email,4401.71,145,6
2023-07-09,Instagram,1623.55,21,0
2023-07-10,Facebook,3926.63,52,1
2023-07-10,Google,3098.41,74,1
2023-07-10,Email,2533.96,35,1
2023-07-10,Instagram,918.93,15,0
2023-07-11,Facebook,4713.51,95,4
2023-07-11,Google,1972.8,97,3
2023-07-11,Email,3797.26,48,1
2023-07-11,Instagram,3488.65,71,0
2023-07-12,Facebook,2904.91,77,2
2023-07-12,Google,1453.33,35,1
2023-07-12,Email,2019.9,30,0
2023-07-12,Instagram,2684.02,56,2
2023-07-13,Facebook,717.84,25,1
2023-07-13,Google,2568.12,85,3
2023-07-13,Email,2485.79,123,5
2023-07-13,Instagram,1410.43,18,0
2023-07-14,Facebook,3424.99,104,4
2023-07-14,Google,1733.09,23,0
2023-07-14,Email,2173.3,23,0
2023-07-14,Instagram,2283.54,51,1
2023-07-15,Facebook,1553.65,21,0
2023-07-15,Google,504.89,8,0
2023-07-15,Email,1517.86,20,0
2023-07-15,Instagram,3630.19,42,2
2023-07-16,Facebook,2400.41,78,1
2023-07-16,Google,2223.81,28,0
2023-07-16,Email,1910.08,21,0
2023-07-16,Instagram,3980.57,49,0
2023-07-17,Facebook,4968.23,158,4
2023-07-17,Google,538.14,7,0
2023-07-17,Email,3750.94,53,0
2023-07-17,Instagram,2352.69,31,1
2023-07-18,Facebook,890.1,31,1
2023-07-18,Google,3153.08,62,3
2023-07-18,Email,1915.27,61,1
2023-07-18,Instagram,879.12,13,0
2023-07-19,Facebook,3234.17,39,1
2023-07-19,Google,4315.51,59,1
2023-07-19,Email,2829.87,46,1
2023-07-19,Instagram,1829.94,75,3
2023-07-20,Facebook,4796.02,80,1
2023-07-20,Google,2748.12,40,1
2023-07-20,Email,4899.64,49,2
2023-07-20,Instagram,1093.92,12,0
2023-07-21,Facebook,2144.36,28,1
2023-07-21,Google,4795.04,58,0
2023-07-21,Email,803.9,19,0
2023-07-21,Instagram,772.11,9,0
2023-07-22,Facebook,3328.57,55,1
2023-07-22,Google,3658.15,137,4
2023-07-22,Email,3272.21,77,1
2023-07-22,Instagram,2800.87,77,3
2023-07-23,Facebook,2913.76,56,1
2023-07-23,Google,4255.37,57,0
2023-07-23,Email,3644.04,46,2
2023-07-23,Instagram,760.58,28,0
2023-07-24,Facebook,2540.17,36,0
2023-07-24,Google,3837.62,48,0
2023-07-24,Email,3685.55,48,0
2023-07-24,Instagram,4788.57,77,3
2023-07-25,Facebook,3743.44,112,1
2023-07-25,Google,4015.06,96,4
2023-07-25,Email,3971.44,177,7
2023-07-25,Instagram,1723.91,68,2
2023-07-26,Facebook,3094.93,118,3
2023-07-26,Google,2120.56,35,1
2023-07-26,Email,2154.6,53,0
2023-07-26,Instagram,3082.61,39,0
2023-07-27,Facebook,2789.71,118,5
2023-07-27,Google,1600.48,27,0
2023-07-27,Email,1175.38,12,0
2023-07-27,Instagram,2987.89,32,1
2023-07-28,Facebook,2387.16,52,1
2023-07-28,Google,3741.3,89,1
2023-07-28,Email,2177.64,36,1
2023-07-28,Instagram,1307.05,15,0
2023-07-29,Facebook,4793.36,187,5
2023-07-29,Google,1770.38,20,0
2023-07-29,Email,2988.91,144,2
2023-07-29,Instagram,3037.13,68,2
2023-07-30,Facebook,2587.67,38,1
2023-07-30,Google,3976.76,111,5
2023-07-30,Email,3922.17,99,1
2023-07-30,Instagram,2345.16,60,1
2023-07-31,Facebook,4278.08,47,2
2023-07-31,Google,506.58,6,0
2023-07-31,Email,3772.47,133,4
2023-07-31,Instagram,1571.75,26,0
2023-08-01,Facebook,4986.32,64,0
2023-08-01,Google,4645.73,50,1
2023-08-01,Email,3653.81,73,3
2023-08-01,Instagram,882.06,31,0
2023-08-02,Facebook,4189.83,161,5
2023-08-02,Google,2457.42,25,0
2023-08-02,Email,1674.46,37,1
2023-08-02,Instagram,3653.27,46,1
2023-08-03,Facebook,1723.8,66,1
2023-08-03,Google,4009.72,60,0
2023-08-03,Email,1239.69,21,0
2023-08-03,Instagram,2911.66,29,0
2023-08-04,Facebook,1887.38,45,0
2023-08-04,Google,1209.27,16,0
2023-08-04,Email,3635.95,156,6
2023-08-04,Instagram,1975.07,72,1
2023-08-05,Facebook,2100.84,34,1
2023-08-05,Google,1670.75,16,0
2023-08-05,Email,2319.77,41,1
2023-08-05,Instagram,1624.34,28,1
2023-08-06,Facebook,1129.07,53,2
2023-08-06,Google,4921.55,161,6
2023-08-06,Email,2175.08,30,1
2023-08-06,Instagram,3120.46,76,3
2023-08-07,Facebook,598.1,23,1
2023-08-07,Google,2495.44,82,3
2023-08-07,Email,4232.1,90,1
2023-08-07,Instagram,2574.48,76,2
2023-08-08,Facebook,4197.58,81,0
2023-08-08,Google,3574.46,105,1
2023-08-08,Email,1342.18,31,1
2023-08-08,Instagram,655.92,9,0
2023-08-09,Facebook,1827.97,34,1
2023-08-09,Google,774.41,18,0
2023-08-09,Email,1397.56,15,0
2023-08-09,Instagram,3338.39,39,1
2023-08-10,Facebook,4952.32,59,1
2023-08-10,Google,2950.33,50,2
2023-08-10,Email,2760.77,54,0
2023-08-10,Instagram,1934.95,51,2
2023-08-11,Facebook,4003.42,162,8
2023-08-11,Google,2882.45,35,1
2023-08-11,Email,4882.91,174,6
2023-08-11,Instagram,1699.37,19,0
2023-08-12,Facebook,751.59,7,0
2023-08-12,Google,4309.27,51,1
2023-08-12,Email,4276.5,48,0
2023-08-12,Instagram,3166.34,37,1
2023-08-13,Facebook,4612.91,207,7
2023-08-13,Google,4764.01,73,2
2023-08-13,Email,1347.05,13,0
2023-08-13,Instagram,2715.02,60,1
2023-08-14,Facebook,906.16,23,0
2023-08-14,Google,2869.02,143,6
2023-08-14,Email,1406.59,46,1
2023-08-14,Instagram,4634.51,52,1
2023-08-15,Facebook,598.61,8,0
2023-08-15,Google,3984.65,45,1
2023-08-15,Email,4822.51,96,4
2023-08-15,Instagram,2280.18,81,1
2023-08-16,Facebook,1114.03,34,1
2023-08-16,Google,4063.29,41,1
2023-08-16,Email,1283.91,13,0
2023-08-16,Instagram,4679.8,56,1
2023-08-17,Facebook,3150.28,92,2
2023-08-17,Google,3598.24,119,4
2023-08-17,Email,4769.55,49,1
2023-08-17,Instagram,4974.27,51,0
2023-08-18,Facebook,3210.75,34,1
2023-08-18,Google,1494.03,22,1
2023-08-18,Email,1132.9,14,0
2023-08-18,Instagram,4920.71,147,6
2023-08-19,Facebook,899.27,11,0
2023-08-19,Google,4489.94,80,1
2023-08-19,Email,1622.93,63,1
2023-08-19,Instagram,986.16,49,1
2023-08-20,Facebook,3796.63,38,1
2023-08-20,Google,2718.87,54,1
2023-08-20,Email,956.43,16,0
2023-08-20,Instagram,3429.36,45,0
2023-08-21,Facebook,831.69,9,0
2023-08-21,Google,1934.23,20,0
2023-08-21,Email,1265.47,25,0
2023-08-21,Instagram,2961.71,32,0
2023-08-22,Facebook,3173.14,45,1
2023-08-22,Google,639.47,6,0
2023-08-22,Email,4503.89,138,1
2023-08-22,Instagram,1424.98,40,1
2023-08-23,Facebook,3749.17,47,0
2023-08-23,Google,1766.85,45,0
2023-08-23,Email,3072.96,35,0
2023-08-23,Instagram,2123.73,39,0
2023-08-24,Facebook,3479.09,51,0
2023-08-24,Google,615.81,18,0
2023-08-24,Email,868.71,9,0
2023-08-24,Instagram,2288.6,38,1
2023-08-25,Facebook,910.12,14,0
2023-08-25,Google,4484.72,90,2
2023-08-25,Email,1684.83,29,0
2023-08-25,Instagram,1708.53,68,2
2023-08-26,Facebook,3503.61,130,3
2023-08-26,Google,2936.52,30,1
2023-08-26,Email,2991.21,34,1
2023-08-26,Instagram,2383.84,37,1
2023-08-27,Facebook,2636.71,29,0
2023-08-27,Google,855.3,9,0
2023-08-27,Email,2759.46,29,1
2023-08-27,Instagram,3548.91,50,0
2023-08-28,Facebook,3907.35,115,5
2023-08-28,Google,4874.74,57,0
2023-08-28,Email,2405.19,24,0
2023-08-28,Instagram,4987.71,71,3
2023-08-29,Facebook,1660.49,17,0
2023-08-29,Google,801.55,15,0
2023-08-29,Email,1967.57,46,1
2023-08-29,Instagram,4430.6,53,1
2023-08-30,Facebook,2851.53,53,1
2023-08-30,Google,1166.9,17,0
2023-08-30,Email,4728.42,50,1
2023-08-30,Instagram,954.46,22,0
2023-08-31,Facebook,2047.41,38,0
2023-08-31,Google,2685.13,39,0
2023-08-31,Email,1739.36,55,1
2023-08-31,Instagram,3621.48,156,7
2023-09-01,Facebook,1991.72,51,2
2023-09-01,Google,4643.76,50,0
2023-09-01,Email,4178.24,94,1
2023-09-01,Instagram,2712.29,35,0
2023-09-02,Facebook,4410.05,143,7
2023-09-02,Google,2494.0,28,0
2023-09-02,Email,2375.48,33,0
2023-09-02,Instagram,1451.26,16,0
2023-09-03,Facebook,3917.72,43,1
2023-09-03,Google,2818.71,86,1
2023-09-03,Email,2780.58,90,3
2023-09-03,Instagram,4457.0,199,3
2023-09-04,Facebook,4248.18,48,0
2023-09-04,Google,2554.02,27,1
2023-09-04,Email,1732.9,20,0
2023-09-04,Instagram,3359.34,112,1
2023-09-05,Facebook,2176.1,32,0
2023-09-05,Google,4417.16,65,1
2023-09-05,Email,1235.81,13,0
2023-09-05,Instagram,3599.83,84,2
2023-09-06,Facebook,1233.08,18,0
2023-09-06,Google,4357.0,60,2
2023-09-06,Email,1710.88,32,0
2023-09-06,Instagram,4011.37,49,0
2023-09-07,Facebook,4601.82,64,2
2023-09-07,Google,538.09,13,0
2023-09-07,Email,1874.57,19,0
2023-09-07,Instagram,2407.13,48,1
2023-09-08,Facebook,1633.99,28,1
2023-09-08,Google,4209.4,81,1
2023-09-08,Email,2801.81,38,1
2023-09-08,Instagram,2184.03,30,1
2023-09-09,Facebook,1843.14,64,0
2023-09-09,Google,4947.62,69,3
2023-09-09,Email,1675.16,21,0
2023-09-09,Instagram,1844.56,57,2
2023-09-10,Facebook,4548.59,53,2
2023-09-10,Google,3200.15,43,1
2023-09-10,Email,3745.77,51,2
2023-09-10,Instagram,1667.42,31,0
2023-09-11,Facebook,658.94,8,0
2023-09-11,Google,1354.62,17,0
2023-09-11,Email,2905.86,35,1
2023-09-11,Instagram,3523.41,58,2
2023-09-12,Facebook,4282.87,47,0
2023-09-12,Google,939.21,31,0
2023-09-12,Email,4137.55,51,0
2023-09-12,Instagram,3558.71,75,1
2023-09-13,Facebook,2098.78,26,0
2023-09-13,Google,4046.41,87,1
2023-09-13,Email,1823.23,20,0
2023-09-13,Instagram,4398.77,65,3
2023-09-14,Facebook,820.47,9,0
2023-09-14,Google,4403.74,87,1
2023-09-14,Email,743.28,8,0
2023-09-14,Instagram,1401.33,26,0
2023-09-15,Facebook,4579.79,80,1
2023-09-15,Google,3720.51,45,1
2023-09-15,Email,3339.65,97,3
2023-09-15,Instagram,521.21,12,0
2023-09-16,Facebook,1258.73,15,0
2023-09-16,Google,3936.06,145,5
2023-09-16,Email,3350.69,64,3
2023-09-16,Instagram,2224.92,96,1
2023-09-17,Facebook,2178.96,103,2
2023-09-17,Google,4249.53,120,4
2023-09-17,Email,3320.09,83,3
2023-09-17,Instagram,2049.57,67,1
2023-09-18,Facebook,3149.02,94,4
2023-09-18,Google,1841.91,42,1
2023-09-18,Email,3183.66,67,3
2023-09-18,Instagram,4979.63,105,4
2023-09-19,Facebook,2116.63,60,2
2023-09-19,Google,4631.92,88,1
2023-09-19,Email,3772.26,123,4
2023-09-19,Instagram,3153.62,94,2
2023-09-20,Facebook,3427.43,149,6
2023-09-20,Google,1651.05,26,0
2023-09-20,Email,4976.06,68,2
2023-09-20,Instagram,588.84,7,0
2023-09-21,Facebook,2211.14,34,0
2023-09-21,Google,1189.07,15,0
2023-09-21,Email,1855.02,25,0
2023-09-21,Instagram,1714.9,25,0
2023-09-22,Facebook,4237.94,149,5
2023-09-22,Google,1029.81,35,0
2023-09-22,Email,1393.91,38,0
2023-09-22,Instagram,2854.16,78,2
2023-09-23,Facebook,1829.08,79,2
2023-09-23,Google,1434.62,15,0
2023-09-23,Email,512.32,6,0
2023-09-23,Instagram,4258.54,57,0
2023-09-24,Facebook,905.37,14,0
2023-09-24,Google,955.81,23,0
2023-09-24,Email,4949.0,113,3
2023-09-24,Instagram,949.14,27,0
2023-09-25,Facebook,1807.55,21,0
2023-09-25,Google,3823.43,138,5
2023-09-25,Email,706.5,8,0
2023-09-25,Instagram,1267.31,26,0
2023-09-26,Facebook,3298.13,36,0
2023-09-26,Google,4167.34,120,3
2023-09-26,Email,4830.39,115,2
2023-09-26,Instagram,4328.02,51,1
2023-09-27,Facebook,4086.09,140,5
2023-09-27,Google,763.91,8,0
2023-09-27,Email,2372.12,35,1
2023-09-27,Instagram,3552.77,102,2
2023-09-28,Facebook,2113.7,94,3
2023-09-28,Google,4273.41,43,0
2023-09-28,Email,4641.79,159,4
2023-09-28,Instagram,706.88,17,0
2023-09-29,Facebook,3670.56,49,1
2023-09-29,Google,3094.92,47,2
2023-09-29,Email,3514.3,74,2
2023-09-29,Instagram,3652.61,132,4
2023-09-30,Facebook,1618.6,33,1
2023-09-30,Google,2231.94,25,0
2023-09-30,Email,4945.06,202,7
2023-09-30,Instagram,1206.17,13,0
2023-10-01,Facebook,4412.37,169,5
2023-10-01,Google,1584.01,16,0
2023-10-01,Email,1502.18,21,0
2023-10-01,Instagram,1557.5,27,1
2023-10-02,Facebook,2516.44,28,0
2023-10-02,Google,1034.18,17,0
2023-10-02,Email,961.89,18,0
2023-10-02,Instagram,500.76,18,0
2023-10-03,Facebook,3285.8,74,2
2023-10-03,Google,1430.83,19,0
2023-10-03,Email,2135.04,87,1
2023-10-03,Instagram,2545.07,39,1
2023-10-04,Facebook,2629.1,36,1
2023-10-04,Google,1013.11,12,0
2023-10-04,Email,2036.11,23,1
2023-10-04,Instagram,1813.93,29,1
2023-10-05,Facebook,706.0,21,0
2023-10-05,Google,3725.85,47,0
2023-10-05,Email,3248.83,92,4
2023-10-05,Instagram,2268.03,40,1
2023-10-06,Facebook,3725.55,130,3
2023-10-06,Google,4669.82,53,1
2023-10-06,Email,3974.65,70,2
2023-10-06,Instagram,4802.86,156,4
2023-10-07,Facebook,2886.64,120,5
2023-10-07,Google,4274.67,72,2
2023-10-07,Email,4645.23,135,4
2023-10-07,Instagram,3787.23,125,3
2023-10-08,Facebook,3202.46,35,1
2023-10-08,Google,2230.98,22,1
2023-10-08,Email,3930.69,93,4
2023-10-08,Instagram,4867.21,86,1
2023-10-09,Facebook,2357.35,31,1
2023-10-09,Google,1845.11,24,1
2023-10-09,Email,3703.43,39,1
2023-10-09,Instagram,1404.0,20,0
2023-10-10,Facebook,2053.82,27,1
2023-10-10,Google,3425.39,35,1
2023-10-10,Email,3624.4,79,1
2023-10-10,Instagram,2085.07,35,1
2023-10-11,Facebook,3502.21,65,2
2023-10-11,Google,4286.25,99,4
2023-10-11,Email,4137.37,66,0
2023-10-11,Instagram,1153.97,15,0
2023-10-12,Facebook,3875.83,117,2
2023-10-12,Google,1627.52,18,0
2023-10-12,Email,1828.13,22,0
2023-10-12,Instagram,4163.12,147,6
2023-10-13,Facebook,3827.72,42,1
2023-10-13,Google,3025.72,77,3
2023-10-13,Email,4094.7,95,3
2023-10-13,Instagram,4669.18,91,4
2023-10-14,Facebook,4891.2,108,3
2023-10-14,Google,558.34,13,0
2023-10-14,Email,4014.16,44,1
2023-10-14,Instagram,4601.69,60,2
2023-10-15,Facebook,3897.98,61,2
2023-10-15,Google,3992.66,41,0
2023-10-15,Email,1298.42,17,0
2023-10-15,Instagram,1282.08,20,0
2023-10-16,Facebook,2428.29,37,0
2023-10-16,Google,3127.94,77,1
2023-10-16,Email,3693.6,114,1
2023-10-16,Instagram,1951.84,81,3
2023-10-17,Facebook,3270.24,44,1
2023-10-17,Google,3077.05,63,2
2023-10-17,Email,1930.37,51,0
2023-10-17,Instagram,806.79,13,0
2023-10-18,Facebook,2916.66,106,1
2023-10-18,Google,1460.09,31,0
2023-10-18,Email,1483.0,18,0
2023-10-18,Instagram,4984.84,58,2
2023-10-19,Facebook,539.62,7,0
2023-10-19,Google,4570.23,66,2
2023-10-19,Email,4815.04,64,1
2023-10-19,Instagram,4621.7,48,1
2023-10-20,Facebook,2931.07,68,3
2023-10-20,Google,4199.49,83,3
2023-10-20,Email,2505.01,106,4
2023-10-20,Instagram,1366.31,22,1
2023-10-21,Facebook,1253.28,12,0
2023-10-21,Google,532.99,21,0
2023-10-21,Email,3981.12,44,1
2023-10-21,Instagram,967.67,15,0
2023-10-22,Facebook,4893.01,59,2
2023-10-22,Google,4728.88,59,0
2023-10-22,Email,2566.51,55,0
2023-10-22,Instagram,744.21,8,0
2023-10-23,Facebook,3087.33,80,1
2023-10-23,Google,2246.15,31,0
2023-10-23,Email,576.01,7,0
2023-10-23,Instagram,3386.4,48,1
2023-10-24,Facebook,3135.24,41,0
2023-10-24,Google,4676.21,164,6
2023-10-24,Email,1856.08,68,2
2023-10-24,Instagram,2469.54,47,1
2023-10-25,Facebook,2632.94,42,0
2023-10-25,Google,2259.47,26,0
2023-10-25,Email,4820.6,152,5
2023-10-25,Instagram,4613.76,55,2
2023-10-26,Facebook,2179.09,22,0
2023-10-26,Google,2997.81,100,1
2023-10-26,Email,3184.95,50,2
2023-10-26,Instagram,1871.11,23,1
2023-10-27,Facebook,2047.33,38,1
2023-10-27,Google,2806.49,85,1
2023-10-27,Email,4256.37,119,2
2023-10-27,Instagram,4098.47,46,2
2023-10-28,Facebook,4695.66,47,1
2023-10-28,Google,2973.49,68,0
2023-10-28,Email,941.91,12,0
2023-10-28,Instagram,1988.83,65,2
2023-10-29,Facebook,950.2,13,0
2023-10-29,Google,1930.04,34,1
2023-10-29,Email,1875.54,28,0
2023-10-29,Instagram,2140.22,47,1
2023-10-30,Facebook,521.74,13,0
2023-10-30,Google,3829.17,69,3
2023-10-30,Email,1104.38,14,0
2023-10-30,Instagram,2582.82,53,1
2023-10-31,Facebook,2982.52,87,2
2023-10-31,Google,4288.07,48,0
2023-10-31,Email,2923.78,71,3
2023-10-31,Instagram,844.08,32,0
2023-11-01,Facebook,2782.3,123,4
2023-11-01,Google,2323.11,34,1
2023-11-01,Email,2982.17,46,2
2023-11-01,Instagram,2624.47,31,0
2023-11-02,Facebook,1504.88,18,0
2023-11-02,Google,1809.5,31,0
2023-11-02,Email,2285.53,37,1
2023-11-02,Instagram,4315.92,51,1
2023-11-03,Facebook,1246.3,20,0
2023-11-03,Google,1306.15,13,0
2023-11-03,Email,4854.81,61,1
2023-11-03,Instagram,2114.58,56,1
2023-11-04,Facebook,782.88,15,0
2023-11-04,Google,1430.48,15,0
2023-11-04,Email,2613.53,46,0
2023-11-04,Instagram,4912.65,106,4
2023-11-05,Facebook,2846.18,32,1
2023-11-05,Google,1684.92,26,0
2023-11-05,Email,3441.54,69,2
2023-11-05,Instagram,4259.61,69,1
2023-11-06,Facebook,4582.59,74,1
2023-11-06,Google,4404.74,74,2
2023-11-06,Email,3218.95,53,0
2023-11-06,Instagram,1245.23,47,1
2023-11-07,Facebook,1451.83,41,1
2023-11-07,Google,3727.86,126,2
2023-11-07,Email,4150.28,53,1
2023-11-07,Instagram,2654.67,72,1
2023-11-08,Facebook,4250.14,194,2
2023-11-08,Google,3080.69,93,3
2023-11-08,Email,676.36,10,0
2023-11-08,Instagram,1662.17,48,2
2023-11-09,Facebook,3197.11,49,0
2023-11-09,Google,3737.96,51,1
2023-11-09,Email,885.87,15,0
2023-11-09,Instagram,4402.86,130,5
2023-11-10,Facebook,3203.77,38,1
2023-11-10,Google,1318.48,18,0
2023-11-10,Email,3758.84,79,2
2023-11-10,Instagram,3157.68,82,2
2023-11-11,Facebook,988.57,27,1
2023-11-11,Google,2769.62,51,0
2023-11-11,Email,933.34,16,0
2023-11-11,Instagram,675.66,8,0
2023-11-12,Facebook,1028.82,17,0
2023-11-12,Google,3215.64,37,1
2023-11-12,Email,3986.92,55,1
2023-11-12,Instagram,2166.7,92,2
2023-11-13,Facebook,1532.69,18,0
2023-11-13,Google,2215.56,33,1
2023-11-13,Email,3926.93,51,0
2023-11-13,Instagram,1102.47,18,0
2023-11-14,Facebook,4365.74,102,4
2023-11-14,Google,2338.91,66,2
2023-11-14,Email,4052.4,61,0
2023-11-14,Instagram,532.37,7,0
2023-11-15,Facebook,1921.56,39,0
2023-11-15,Google,3432.09,85,3
2023-11-15,Email,2406.03,48,1
2023-11-15,Instagram,3562.73,44,1
2023-11-16,Facebook,4027.05,68,1
2023-11-16,Google,2997.1,74,1
2023-11-16,Email,2049.6,26,1
2023-11-16,Instagram,4347.5,59,2
2023-11-17,Facebook,2509.68,33,0
2023-11-17,Google,1465.06,28,0
2023-11-17,Email,2977.59,39,1
2023-11-17,Instagram,1223.32,12,0
2023-11-18,Facebook,909.9,28,1
2023-11-18,Google,2459.2,97,1
2023-11-18,Email,860.18,37,0
2023-11-18,Instagram,4930.02,71,2
2023-11-19,Facebook,3702.23,54,2
2023-11-19,Google,4191.03,58,1
2023-11-19,Email,1407.68,19,0
2023-11-19,Instagram,1787.03,78,2
2023-11-20,Facebook,2821.16,73,1
2023-11-20,Google,662.28,16,0
2023-11-20,Email,1208.5,12,0
2023-11-20,Instagram,2089.07,40,1
2023-11-21,Facebook,2829.84,35,0
2023-11-21,Google,905.75,21,0
2023-11-21,Email,4617.54,96,4
2023-11-21,Instagram,1744.29,25,0
2023-11-22,Facebook,4683.71,70,1
2023-11-22,Google,2332.11,81,1
2023-11-22,Email,1824.13,19,0
2023-11-22,Instagram,4805.19,53,2
2023-11-23,Facebook,3087.02,40,1
2023-11-23,Google,3034.26,37,1
2023-11-23,Email,4825.57,85,2
2023-11-23,Instagram,3140.72,141,2
2023-11-24,Facebook,803.99,11,0
2023-11-24,Google,3546.11,92,2
2023-11-24,Email,4799.51,78,0
2023-11-24,Instagram,4244.8,106,1
2023-11-25,Facebook,3531.64,41,0
2023-11-25,Google,4691.28,80,1
2023-11-25,Email,4524.42,108,5
2023-11-25,Instagram,3573.98,38,1
2023-11-26,Facebook,1398.5,17,0
2023-11-26,Google,1430.5,39,0
2023-11-26,Email,3283.69,101,1
2023-11-26,Instagram,4640.85,62,2
2023-11-27,Facebook,3262.22,40,1
2023-11-27,Google,690.18,11,0
2023-11-27,Email,2715.53,27,1
2023-11-27,Instagram,4409.46,74,3
2023-11-28,Facebook,4622.03,108,2
2023-11-28,Google,3094.99,127,5
2023-11-28,Email,2652.44,41,1
2023-11-28,Instagram,2271.73,30,0
2023-11-29,Facebook,4894.28,64,1
2023-11-29,Google,3601.45,171,3
2023-11-29,Email,3114.54,67,2
2023-11-29,Instagram,1668.65,26,0
2023-11-30,Facebook,2621.05,37,0
2023-11-30,Google,2744.47,74,2
2023-11-30,Email,2175.39,24,0
2023-11-30,Instagram,1309.5,42,1
2023-12-01,Facebook,1528.55,54,1
2023-12-01,Google,1561.12,28,0
2023-12-01,Email,1156.3,11,0
2023-12-01,Instagram,4125.51,120,3
2023-12-02,Facebook,4980.03,56,1
2023-12-02,Google,3742.52,45,0
2023-12-02,Email,3029.62,46,1
2023-12-02,Instagram,3607.44,145,6
2023-12-03,Facebook,2644.43,37,1
2023-12-03,Google,2005.95,41,1
2023-12-03,Email,4693.3,115,1
2023-12-03,Instagram,1045.57,11,0
2023-12-04,Facebook,1395.31,21,0
2023-12-04,Google,1285.42,15,0
2023-12-04,Email,3529.37,59,2
2023-12-04,Instagram,4503.35,89,1
2023-12-05,Facebook,3342.7,105,1
2023-12-05,Google,4134.73,87,3
2023-12-05,Email,3072.37,34,0
2023-12-05,Instagram,1229.0,32,0
2023-12-06,Facebook,1811.1,43,1
2023-12-06,Google,1720.62,30,1
2023-12-06,Email,2134.24,31,1
2023-12-06,Instagram,2362.95,68,0
2023-12-07,Facebook,3774.98,51,2
2023-12-07,Google,3653.14,138,2
2023-12-07,Email,963.54,38,1
2023-12-07,Instagram,2967.95,134,3
2023-12-08,Facebook,3942.48,147,3
2023-12-08,Google,1198.73,16,0
2023-12-08,Email,1892.17,47,1
2023-12-08,Instagram,3319.16,108,4
2023-12-09,Facebook,628.57,8,0
2023-12-09,Google,1963.41,33,1
2023-12-09,Email,2932.63,70,1
2023-12-09,Instagram,4862.94,64,1
2023-12-10,Facebook,3189.13,45,1
2023-12-10,Google,3037.93,49,1
2023-12-10,Email,1893.48,39,1
2023-12-10,Instagram,4121.18,74,1
2023-12-11,Facebook,1669.13,37,0
2023-12-11,Google,4169.21,47,1
2023-12-11,Email,2611.39,126,5
2023-12-11,Instagram,4761.31,81,0
2023-12-12,Facebook,2436.96,56,1
2023-12-12,Google,532.48,10,0
2023-12-12,Email,3022.49,58,0
2023-12-12,Instagram,3817.03,74,1
2023-12-13,Facebook,1683.41,31,0
2023-12-13,Google,3940.42,42,1
2023-12-13,Email,3580.88,83,3
2023-12-13,Instagram,4139.64,78,3
2023-12-14,Facebook,1320.83,30,1
2023-12-14,Google,3279.78,78,2
2023-12-14,Email,1345.05,62,0
2023-12-14,Instagram,2907.37,83,1
2023-12-15,Facebook,1711.38,22,0
2023-12-15,Google,1547.65,48,1
2023-12-15,Email,2038.61,45,1
2023-12-15,Instagram,4990.84,87,3
2023-12-16,Facebook,1986.12,22,1
2023-12-16,Google,752.17,9,0
2023-12-16,Email,2615.66,73,3
2023-12-16,Instagram,4177.63,48,0
2023-12-17,Facebook,3956.66,99,4
2023-12-17,Google,2493.32,31,0
2023-12-17,Email,2573.76,31,0
2023-12-17,Instagram,4919.52,85,3
2023-12-18,Facebook,1904.49,41,1
2023-12-18,Google,689.84,7,0
2023-12-18,Email,1639.91,23,0
2023-12-18,Instagram,4493.84,50,0
2023-12-19,Facebook,1008.18,14,0
2023-12-19,Google,1253.12,29,0
2023-12-19,Email,4051.15,195,2
2023-12-19,Instagram,4025.64,69,2
2023-12-20,Facebook,2171.29,79,1
2023-12-20,Google,911.31,13,0
2023-12-20,Email,4986.38,71,0
2023-12-20,Instagram,3400.59,44,1
2023-12-21,Facebook,1066.22,27,1
2023-12-21,Google,4048.53,50,2
2023-12-21,Email,2474.24,69,2
2023-12-21,Instagram,2111.75,68,3
2023-12-22,Facebook,2683.86,48,1
2023-12-22,Google,3636.67,103,1
2023-12-22,Email,2064.49,26,0
2023-12-22,Instagram,4241.07,45,1
2023-12-23,Facebook,809.94,24,0
2023-12-23,Google,1685.07,34,0
2023-12-23,Email,3371.12,66,1
2023-12-23,Instagram,584.24,6,0
2023-12-24,Facebook,1574.54,20,0
2023-12-24,Google,2925.3,57,1
2023-12-24,Email,2738.97,42,1
2023-12-24,Instagram,1951.7,27,0
2023-12-25,Facebook,2854.4,112,4
2023-12-25,Google,1083.98,12,0
2023-12-25,Email,2684.17,96,3
2023-12-25,Instagram,4263.35,58,1
2023-12-26,Facebook,3655.91,90,2
2023-12-26,Google,3226.79,125,5
2023-12-26,Email,1439.32,24,1
2023-12-26,Instagram,859.81,10,0
2023-12-27,Facebook,3011.09,31,0
2023-12-27,Google,2160.81,28,1
2023-12-27,Email,1696.17,72,0
2023-12-27,Instagram,1867.57,19,0
2023-12-28,Facebook,937.04,12,0
2023-12-28,Google,1352.57,21,0
2023-12-28,Email,3313.96,96,3
2023-12-28,Instagram,2368.33,83,2
2023-12-29,Facebook,2110.84,37,1
2023-12-29,Google,4472.71,134,2
2023-12-29,Email,2307.01,49,0
2023-12-29,Instagram,4992.95,90,2
2023-12-30,Facebook,1918.2,19,0
2023-12-30,Google,2172.74,26,0
2023-12-30,Email,3766.4,54,1
2023-12-30,Instagram,1462.68,18,0
2023-12-31,Facebook,1643.4,16,0
2023-12-31,Google,2286.91,29,1
2023-12-31,Email,3180.93,51,2
2023-12-31,Instagram,1858.29,42,0
2024-01-01,Facebook,4350.74,200,8
2024-01-01,Google,3603.74,85,2
2024-01-01,Email,3003.45,31,0
2024-01-01,Instagram,669.81,13,0
2024-01-02,Facebook,2151.87,32,0
2024-01-02,Google,4149.83,151,3
2024-01-02,Email,4630.47,58,2
2024-01-02,Instagram,4068.07,120,5
2024-01-03,Facebook,3603.18,54,2
2024-01-03,Google,3178.54,72,2
2024-01-03,Email,3093.28,117,1
2024-01-03,Instagram,3969.06,82,3
2024-01-04,Facebook,2374.35,26,1
2024-01-04,Google,1520.23,21,0
2024-01-04,Email,551.45,6,0
2024-01-04,Instagram,1871.53,80,2
2024-01-05,Facebook,1173.11,19,0
2024-01-05,Google,727.34,9,0
2024-01-05,Email,2505.27,37,1
2024-01-05,Instagram,1499.39,34,0
2024-01-06,Facebook,1094.85,41,1
2024-01-06,Google,721.9,13,0
2024-01-06,Email,2758.2,33,0
2024-01-06,Instagram,1106.92,17,0
2024-01-07,Facebook,3435.12,96,3
2024-01-07,Google,3810.5,95,1
2024-01-07,Email,3995.47,87,4
2024-01-07,Instagram,903.18,12,0
2024-01-08,Facebook,2067.39,45,1
2024-01-08,Google,608.93,13,0
2024-01-08,Email,3272.99,32,0
2024-01-08,Instagram,1156.18,49,2
2024-01-09,Facebook,1398.58,28,1
2024-01-09,Google,4337.44,149,1
2024-01-09,Email,4770.23,50,2
2024-01-09,Instagram,4190.6,198,7
2024-01-10,Facebook,1000.75,17,0
2024-01-10,Google,1440.54,22,0
2024-01-10,Email,2854.7,70,2
2024-01-10,Instagram,3784.66,120,4
2024-01-11,Facebook,582.75,8,0
2024-01-11,Google,695.67,20,0
2024-01-11,Email,4051.35,58,0
2024-01-11,Instagram,3446.41,166,4
2024-01-12,Facebook,1720.9,19,0
2024-01-12,Google,4389.27,203,9
2024-01-12,Email,3422.35,88,2
2024-01-12,Instagram,4894.75,175,3
2024-01-13,Facebook,4400.48,70,1
2024-01-13,Google,2752.93,48,2
2024-01-13,Email,596.7,14,0
2024-01-13,Instagram,2001.06,38,0
2024-01-14,Facebook,2060.51,42,1
2024-01-14,Google,1562.92,15,0
2024-01-14,Email,4153.52,59,2
2024-01-14,Instagram,4506.81,52,0
2024-01-15,Facebook,2997.23,70,1
2024-01-15,Google,4537.29,62,0
2024-01-15,Email,2219.93,22,0
2024-01-15,Instagram,3314.86,86,1
2024-01-16,Facebook,1187.37,12,0
2024-01-16,Google,1981.78,31,0
2024-01-16,Email,1123.59,17,0
2024-01-16,Instagram,4381.64,97,3
2024-01-17,Facebook,2857.12,92,4
2024-01-17,Google,4891.0,154,7
2024-01-17,Email,4627.0,101,3
2024-01-17,Instagram,4768.71,161,3
2024-01-18,Facebook,4458.37,57,2
2024-01-18,Google,4460.59,83,2
2024-01-18,Email,2493.52,26,1
2024-01-18,Instagram,4699.63,112,4
2024-01-19,Facebook,980.47,28,1
2024-01-19,Google,3253.92,78,2
2024-01-19,Email,1539.1,39,1
2024-01-19,Instagram,2116.68,28,0
2024-01-20,Facebook,2760.46,40,1
2024-01-20,Google,2182.82,24,0
2024-01-20,Email,1118.81,31,0
2024-01-20,Instagram,3940.42,185,3
2024-01-21,Facebook,2358.7,29,1
2024-01-21,Google,3909.99,154,7
2024-01-21,Email,4935.32,55,1
2024-01-21,Instagram,1962.03,34,0
2024-01-22,Facebook,2321.9,99,3
2024-01-22,Google,2211.68,49,1
2024-01-22,Email,3841.11,56,1
2024-01-22,Instagram,4441.02,53,1
2024-01-23,Facebook,2532.24,29,0
2024-01-23,Google,4981.26,81,2
2024-01-23,Email,3808.27,58,1
2024-01-23,Instagram,3337.92,139,3
2024-01-24,Facebook,2291.18,51,2
2024-01-24,Google,2576.06,47,1
2024-01-24,Email,745.46,12,0
2024-01-24,Instagram,4234.52,75,2
2024-01-25,Facebook,1009.27,12,0
2024-01-25,Google,3632.51,117,3
2024-01-25,Email,2528.99,73,2
2024-01-25,Instagram,3706.85,102,2
2024-01-26,Facebook,1625.37,21,0
2024-01-26,Google,4084.19,52,0
2024-01-26,Email,1013.74,18,0
2024-01-26,Instagram,2857.18,56,2
2024-01-27,Facebook,2802.5,29,0
2024-01-27,Google,2212.73,27,1
2024-01-27,Email,3044.71,41,0
2024-01-27,Instagram,4409.68,128,4
2024-01-28,Facebook,2388.12,53,2
2024-01-28,Google,2508.16,35,0
2024-01-28,Email,1092.07,30,1
2024-01-28,Instagram,1639.0,28,1
2024-01-29,Facebook,2945.76,143,6
2024-01-29,Google,1570.45,23,0
2024-01-29,Email,2345.68,89,3
2024-01-29,Instagram,1601.21,25,0
2024-01-30,Facebook,3008.97,34,0
2024-01-30,Google,1167.15,16,0
2024-01-30,Email,4342.23,59,2
2024-01-30,Instagram,1842.99,19,0
2024-01-31,Facebook,2376.31,69,2
2024-01-31,Google,3249.9,43,1
2024-01-31,Email,4042.88,118,3
2024-01-31,Instagram,3105.35,32,0
2024-02-01,Facebook,1846.83,37,0
2024-02-01,Google,804.5,14,0
2024-02-01,Email,1817.75,59,2
2024-02-01,Instagram,1734.88,27,0
2024-02-02,Facebook,3631.23,52,0
2024-02-02,Google,3783.78,53,2
2024-02-02,Email,2676.48,35,1
2024-02-02,Instagram,4938.25,114,3
2024-02-03,Facebook,1924.2,31,1
2024-02-03,Google,2092.34,68,2
2024-02-03,Email,2838.68,40,1
2024-02-03,Instagram,1309.58,19,0
2024-02-04,Facebook,4906.66,243,2
2024-02-04,Google,3314.57,112,4
2024-02-04,Email,4098.04,41,1
2024-02-04,Instagram,2002.07,30,1
2024-02-05,Facebook,550.84,15,0
2024-02-05,Google,4055.88,90,2
2024-02-05,Email,1957.66,95,3
2024-02-05,Instagram,2036.13,26,0
2024-02-06,Facebook,631.03,18,0
2024-02-06,Google,2020.72,27,1
2024-02-06,Email,4087.64,57,1
2024-02-06,Instagram,3322.4,36,1
2024-02-07,Facebook,2007.99,24,0
2024-02-07,Google,3841.63,44,0
2024-02-07,Email,3762.34,83,2
2024-02-07,Instagram,1437.18,19,0
2024-02-08,Facebook,4496.13,93,4
2024-02-08,Google,1762.07,78,3
2024-02-08,Email,3319.3,37,1
2024-02-08,Instagram,2253.05,33,1
2024-02-09,Facebook,3881.93,50,1
2024-02-09,Google,642.33,12,0
2024-02-09,Email,1569.39,27,1
2024-02-09,Instagram,1472.63,33,0
2024-02-10,Facebook,4032.25,49,2
2024-02-10,Google,2496.98,113,3
2024-02-10,Email,2750.24,78,3
2024-02-10,Instagram,3795.98,61,2
2024-02-11,Facebook,1144.83,12,0
2024-02-11,Google,4721.11,63,0
2024-02-11,Email,3760.57,66,2
2024-02-11,Instagram,2850.55,140,6
2024-02-12,Facebook,3591.74,53,0
2024-02-12,Google,2600.94,109,3
2024-02-12,Email,3465.43,77,2
2024-02-12,Instagram,1904.64,20,0
2024-02-13,Facebook,1366.46,32,0
2024-02-13,Google,2485.02,84,1
2024-02-13,Email,1731.37,81,2
2024-02-13,Instagram,2813.27,77,1
2024-02-14,Facebook,1933.18,61,2
2024-02-14,Google,1774.7,44,0
2024-02-14,Email,3259.68,69,1
2024-02-14,Instagram,1085.33,18,0
2024-02-15,Facebook,976.67,40,1
2024-02-15,Google,1305.42,19,0
2024-02-15,Email,4262.78,56,1
2024-02-15,Instagram,1905.98,22,0
2024-02-16,Facebook,3518.92,56,2
2024-02-16,Google,3900.84,68,1
2024-02-16,Email,4157.83,44,1
2024-02-16,Instagram,2550.13,34,1
2024-02-17,Facebook,2594.28,67,1
2024-02-17,Google,4374.93,63,2
2024-02-17,Email,2264.35,29,1
2024-02-17,Instagram,4049.5,44,1
2024-02-18,Facebook,636.19,10,0
2024-02-18,Google,2575.59,76,3
2024-02-18,Email,3219.98,106,1
2024-02-18,Instagram,4178.99,49,1
2024-02-19,Facebook,3422.53,41,1
2024-02-19,Google,2303.67,43,1
2024-02-19,Email,2965.77,30,0
2024-02-19,Instagram,2033.21,23,0
2024-02-20,Facebook,4029.41,73,3
2024-02-20,Google,2950.37,75,2
2024-02-20,Email,850.52,9,0
2024-02-20,Instagram,2689.84,39,1
2024-02-21,Facebook,2997.89,34,0
2024-02-21,Google,4801.48,187,2
2024-02-21,Email,4163.3,50,1
2024-02-21,Instagram,2724.33,37,0
2024-02-22,Facebook,4176.65,45,2
2024-02-22,Google,3362.6,168,2
2024-02-22,Email,1171.47,18,0
2024-02-22,Instagram,3100.69,86,3
2024-02-23,Facebook,1924.69,29,1
2024-02-23,Google,1870.48,19,0
2024-02-23,Email,4921.61,103,1
2024-02-23,Instagram,536.54,5,0
2024-02-24,Facebook,1074.0,24,0
2024-02-24,Google,2969.98,122,4
2024-02-24,Email,4193.39,86,3
2024-02-24,Instagram,4395.56,113,4
2024-02-25,Facebook,2274.21,50,1
2024-02-25,Google,2217.04,34,1
2024-02-25,Email,2636.92,75,1
2024-02-25,Instagram,4660.17,53,0
2024-02-26,Facebook,4988.55,67,1
2024-02-26,Google,822.86,38,1
2024-02-26,Email,2690.16,48,2
2024-02-26,Instagram,880.99,12,0
2024-02-27,Facebook,2552.13,30,1
2024-02-27,Google,2415.67,70,2
2024-02-27,Email,2984.23,53,1
2024-02-27,Instagram,1336.06,19,0
2024-02-28,Facebook,4310.62,110,3
2024-02-28,Google,2348.77,36,0
2024-02-28,Email,4902.05,74,2
2024-02-28,Instagram,1009.24,17,0
2024-02-29,Facebook,1139.39,14,0
2024-02-29,Google,4926.51,59,1
2024-02-29,Email,852.06,9,0
2024-02-29,Instagram,2626.03,33,1
2024-03-01,Facebook,851.37,12,0
2024-03-01,Google,1906.25,78,1
2024-03-01,Email,4003.37,69,2
2024-03-01,Instagram,2611.55,33,0
2024-03-02,Facebook,4822.62,57,1
2024-03-02,Google,658.97,7,0
2024-03-02,Email,3771.37,57,0
2024-03-02,Instagram,2629.22,78,0
2024-03-03,Facebook,4956.64,58,2
2024-03-03,Google,1790.67,67,2
2024-03-03,Email,4331.5,102,1
2024-03-03,Instagram,1764.37,19,0
2024-03-04,Facebook,1001.97,29,0
2024-03-04,Google,1180.11,21,0
2024-03-04,Email,1675.64,22,0
2024-03-04,Instagram,4097.17,46,1
2024-03-05,Facebook,879.81,27,1
2024-03-05,Google,1193.68,20,0
2024-03-05,Email,3966.66,101,2
2024-03-05,Instagram,3369.09,91,3
2024-03-06,Facebook,2052.84,28,1
2024-03-06,Google,1021.97,30,0
2024-03-06,Email,1856.15,23,0
2024-03-06,Instagram,2896.34,57,2
2024-03-07,Facebook,2635.65,83,3
2024-03-07,Google,553.38,5,0
2024-03-07,Email,3553.22,36,1
2024-03-07,Instagram,684.58,7,0
2024-03-08,Facebook,4802.83,88,4
2024-03-08,Google,4362.6,93,1
2024-03-08,Email,942.25,13,0
2024-03-08,Instagram,3979.18,49,1
2024-03-09,Facebook,3149.26,88,2
2024-03-09,Google,3606.25,104,3
2024-03-09,Email,3527.61,40,0
2024-03-09,Instagram,939.64,33,0
2024-03-10,Facebook,1487.37,34,0
2024-03-10,Google,606.65,22,1
2024-03-10,Email,3454.72,39,1
2024-03-10,Instagram,3371.37,43,0
2024-03-11,Facebook,4353.98,143,5
2024-03-11,Google,4549.54,69,3
2024-03-11,Email,4532.01,59,1
2024-03-11,Instagram,2601.3,27,0
2024-03-12,Facebook,4652.13,110,2
2024-03-12,Google,4565.26,55,1
2024-03-12,Email,1228.85,47,1
2024-03-12,Instagram,2222.6,47,0
2024-03-13,Facebook,4800.23,116,3
2024-03-13,Google,2712.75,28,0
2024-03-13,Email,1302.99,21,0
2024-03-13,Instagram,3959.18,105,3
2024-03-14,Facebook,4606.74,59,0
2024-03-14,Google,828.14,12,0
2024-03-14,Email,2506.47,27,0
2024-03-14,Instagram,3381.51,35,1
2024-03-15,Facebook,1698.96,22,1
2024-03-15,Google,3085.88,50,2
2024-03-15,Email,2708.06,49,2
2024-03-15,Instagram,4014.22,48,1
2024-03-16,Facebook,514.88,5,0
2024-03-16,Google,2669.3,40,1
2024-03-16,Email,2115.13,28,0
2024-03-16,Instagram,3345.23,34,0
2024-03-17,Facebook,2905.82,29,0
2024-03-17,Google,2568.38,31,1
2024-03-17,Email,1294.78,55,1
2024-03-17,Instagram,1359.51,17,0
2024-03-18,Facebook,3337.78,68,0
2024-03-18,Google,3347.56,42,0
2024-03-18,Email,1368.92,17,0
2024-03-18,Instagram,2701.55,107,3
2024-03-19,Facebook,1884.79,30,1
2024-03-19,Google,2521.88,25,0
2024-03-19,Email,752.25,9,0
2024-03-19,Instagram,1031.84,12,0
2024-03-20,Facebook,2562.67,34,1
2024-03-20,Google,1170.29,17,0
2024-03-20,Email,665.95,21,0
2024-03-20,Instagram,2620.49,28,0
2024-03-21,Facebook,3655.84,120,2
2024-03-21,Google,724.81,16,0
2024-03-21,Email,2552.83,75,2
2024-03-21,Instagram,4180.1,146,4
2024-03-22,Facebook,4096.29,108,4
2024-03-22,Google,2417.95,28,1
2024-03-22,Email,3552.79,77,3
2024-03-22,Instagram,3091.85,99,4
2024-03-23,Facebook,4068.96,50,1
2024-03-23,Google,2009.77,67,1
2024-03-23,Email,2368.19,31,0
2024-03-23,Instagram,2473.98,26,0
2024-03-24,Facebook,949.86,10,0
2024-03-24,Google,3999.48,188,5
2024-03-24,Email,528.57,15,0
2024-03-24,Instagram,3432.9,37,0
2024-03-25,Facebook,4133.35,50,1
2024-03-25,Google,1427.72,20,0
2024-03-25,Email,2354.14,24,0
2024-03-25,Instagram,669.3,19,0
2024-03-26,Facebook,4776.34,68,2
2024-03-26,Google,2065.34,101,1
2024-03-26,Email,1028.79,16,0
2024-03-26,Instagram,2128.56,26,0
2024-03-27,Facebook,1486.74,18,0
2024-03-27,Google,1743.92,49,2
2024-03-27,Email,3583.6,36,1
2024-03-27,Instagram,1293.46,17,0
2024-03-28,Facebook,3401.87,79,2
2024-03-28,Google,2004.33,23,0
2024-03-28,Email,694.93,8,0
2024-03-28,Instagram,1291.49,15,0
2024-03-29,Facebook,1022.29,11,0
2024-03-29,Google,3167.18,68,1
2024-03-29,Email,3545.84,76,3
2024-03-29,Instagram,1967.6,70,2
2024-03-30,Facebook,4414.49,88,1
2024-03-30,Google,2619.46,44,2
2024-03-30,Email,1152.24,12,0
2024-03-30,Instagram,2242.99,72,2
2024-03-31,Facebook,3344.1,34,0
2024-03-31,Google,1072.45,14,0
2024-03-31,Email,1114.26,12,0
2024-03-31,Instagram,1270.41,26,1
2024-04-01,Facebook,3216.36,38,1
2024-04-01,Google,3251.88,96,4
2024-04-01,Email,4347.52,161,7
2024-04-01,Instagram,2701.46,27,0
2024-04-02,Facebook,4266.45,100,3
2024-04-02,Google,3812.8,95,2
2024-04-02,Email,3107.6,34,1
2024-04-02,Instagram,1170.36,17,0
2024-04-03,Facebook,4910.83,211,6
2024-04-03,Google,3958.73,174,5
2024-04-03,Email,2656.71,31,1
2024-04-03,Instagram,2535.99,64,2
2024-04-04,Facebook,555.9,7,0
2024-04-04,Google,1097.2,25,0
2024-04-04,Email,908.28,15,0
2024-04-04,Instagram,3664.87,41,1
2024-04-05,Facebook,609.86,10,0
2024-04-05,Google,4433.9,84,3
2024-04-05,Email,2166.89,37,1
2024-04-05,Instagram,4371.72,170,7
2024-04-06,Facebook,1998.08,88,2
2024-04-06,Google,1714.05,17,0
2024-04-06,Email,4075.15,49,0
2024-04-06,Instagram,4463.81,56,0
2024-04-07,Facebook,4753.95,64,2
2024-04-07,Google,999.35,20,0
2024-04-07,Email,2145.07,63,2
2024-04-07,Instagram,801.53,10,0
2024-04-08,Facebook,4915.63,125,1
2024-04-08,Google,2653.22,27,0
2024-04-08,Email,4815.97,130,5
2024-04-08,Instagram,1514.47,31,0
2024-04-09,Facebook,3561.02,84,1
2024-04-09,Google,2053.52,34,1
2024-04-09,Email,1052.19,13,0
2024-04-09,Instagram,2897.85,66,2
2024-04-10,Facebook,4099.57,42,1
2024-04-10,Google,4733.94,187,8
2024-04-10,Email,2560.43,96,4
2024-04-10,Instagram,1797.68,18,0
2024-04-11,Facebook,1741.74,22,0
2024-04-11,Google,4437.47,71,2
2024-04-11,Email,1819.26,18,0
2024-04-11,Instagram,1094.12,22,0
2024-04-12,Facebook,3401.08,78,0
2024-04-12,Google,4423.07,114,5
2024-04-12,Email,3401.02,64,1
2024-04-12,Instagram,3407.23,73,2
2024-04-13,Facebook,3635.89,41,1
2024-04-13,Google,1868.37,61,2
2024-04-13,Email,1272.82,31,0
2024-04-13,Instagram,4868.26,59,0
2024-04-14,Facebook,2089.04,36,0
2024-04-14,Google,4658.59,60,1
2024-04-14,Email,4879.43,55,2
2024-04-14,Instagram,3498.6,108,2
2024-04-15,Facebook,685.18,15,0
2024-04-15,Google,1671.83,48,1
2024-04-15,Email,656.1,14,0
2024-04-15,Instagram,2178.12,34,0
2024-04-16,Facebook,1857.02,19,0
2024-04-16,Google,2747.38,86,2
2024-04-16,Email,1940.98,95,3
2024-04-16,Instagram,4890.2,105,4
2024-04-17,Facebook,2632.6,60,2
2024-04-17,Google,4913.1,74,1
2024-04-17,Email,3043.54,32,0
2024-04-17,Instagram,3601.16,45,2
2024-04-18,Facebook,1127.4,17,0
2024-04-18,Google,2307.33,26,0
2024-04-18,Email,916.17,37,1
2024-04-18,Instagram,3125.44,82,3
2024-04-19,Facebook,1750.67,80,2
2024-04-19,Google,2504.56,33,0
2024-04-19,Email,2803.04,78,1
2024-04-19,Instagram,3222.85,33,1
2024-04-20,Facebook,2124.79,66,2
2024-04-20,Google,2163.33,43,0
2024-04-20,Email,2081.1,21,0
2024-04-20,Instagram,894.19,11,0
2024-04-21,Facebook,4966.69,58,1
2024-04-21,Google,4125.53,42,1
2024-04-21,Email,4533.93,145,4
2024-04-21,Instagram,887.35,24,0
2024-04-22,Facebook,4403.87,44,0
2024-04-22,Google,4820.43,59,0
2024-04-22,Email,2342.57,25,0
2024-04-22,Instagram,3001.16,39,1
2024-04-23,Facebook,1116.17,31,0
2024-04-23,Google,2992.4,127,5
2024-04-23,Email,4255.63,96,3
2024-04-23,Instagram,2585.53,116,1
2024-04-24,Facebook,1682.05,17,0
2024-04-24,Google,2626.44,36,1
2024-04-24,Email,2377.21,40,1
2024-04-24,Instagram,1601.38,54,1
2024-04-25,Facebook,4974.5,196,7
2024-04-25,Google,3114.8,47,2
2024-04-25,Email,3325.98,57,2
2024-04-25,Instagram,1038.13,17,0
2024-04-26,Facebook,4303.76,130,1
2024-04-26,Google,1938.57,21,0
2024-04-26,Email,1234.89,29,0
2024-04-26,Instagram,4604.47,94,2
2024-04-27,Facebook,2883.26,30,0
2024-04-27,Google,3948.99,113,1
2024-04-27,Email,3886.83,61,2
2024-04-27,Instagram,4220.7,56,1
2024-04-28,Facebook,3584.5,47,0
2024-04-28,Google,3110.21,36,0
2024-04-28,Email,2831.77,56,1
2024-04-28,Instagram,2031.41,21,0
2024-04-29,Facebook,1195.5,31,0
2024-04-29,Google,4536.76,65,2
2024-04-29,Email,2865.44,45,1
2024-04-29,Instagram,3903.38,134,3
2024-04-30,Facebook,843.8,9,0
2024-04-30,Google,2657.83,59,1
2024-04-30,Email,4176.67,45,1
2024-04-30,Instagram,3936.15,83,3
2024-05-01,Facebook,629.42,7,0
2024-05-01,Google,4355.67,138,2
2024-05-01,Email,1064.05,34,0
2024-05-01,Instagram,3608.68,43,0
2024-05-02,Facebook,3986.12,49,0
2024-05-02,Google,985.18,11,0
2024-05-02,Email,766.69,25,0
2024-05-02,Instagram,798.11,10,0
2024-05-03,Facebook,4020.67,42,0
2024-05-03,Google,4555.29,130,3
2024-05-03,Email,908.51,10,0
2024-05-03,Instagram,4769.56,99,1
2024-05-04,Facebook,2752.85,35,0
2024-05-04,Google,3066.06,109,3
2024-05-04,Email,562.93,15,0
2024-05-04,Instagram,1768.36,19,0
2024-05-05,Facebook,4881.11,174,3
2024-05-05,Google,2768.88,36,0
2024-05-05,Email,3152.21,57,2
2024-05-05,Instagram,1313.82,27,0
2024-05-06,Facebook,1464.23,38,0
2024-05-06,Google,4930.76,164,2
2024-05-06,Email,1111.61,13,0
2024-05-06,Instagram,3007.09,129,2
2024-05-07,Facebook,1020.75,23,0
2024-05-07,Google,1904.03,19,0
2024-05-07,Email,2992.62,69,3
2024-05-07,Instagram,1349.53,52,2
2024-05-08,Facebook,2640.55,35,0
2024-05-08,Google,4994.25,84,1
2024-05-08,Email,2471.26,34,0
2024-05-08,Instagram,1145.15,22,0
2024-05-09,Facebook,957.75,10,0
2024-05-09,Google,791.2,8,0
2024-05-09,Email,3177.32,32,0
2024-05-09,Instagram,4271.49,54,1
2024-05-10,Facebook,3710.72,55,1
2024-05-10,Google,4052.72,56,1
2024-05-10,Email,2641.22,38,0
2024-05-10,Instagram,2680.4,63,2
2024-05-11,Facebook,986.17,24,0
2024-05-11,Google,3327.67,108,1
2024-05-11,Email,737.84,28,1
2024-05-11,Instagram,4874.33,96,3
2024-05-12,Facebook,1187.31,17,0
2024-05-12,Google,844.33,10,0
2024-05-12,Email,4067.29,112,4
2024-05-12,Instagram,2706.13,66,1
2024-05-13,Facebook,4368.53,68,3
2024-05-13,Google,642.19,11,0
2024-05-13,Email,2226.33,49,1
2024-05-13,Instagram,2568.45,113,3
2024-05-14,Facebook,4371.62,98,3
2024-05-14,Google,2711.66,88,3
2024-05-14,Email,2693.55,93,3
2024-05-14,Instagram,3470.35,46,1
2024-05-15,Facebook,2641.6,29,0
2024-05-15,Google,2261.23,37,1
2024-05-15,Email,3276.23,67,3
2024-05-15,Instagram,1942.17,87,1
2024-05-16,Facebook,4266.2,89,3
2024-05-16,Google,621.05,6,0
2024-05-16,Email,938.08,19,0
2024-05-16,Instagram,2080.71,28,0
2024-05-17,Facebook,3416.37,50,2
2024-05-17,Google,794.75,17,0
2024-05-17,Email,588.7,12,0
2024-05-17,Instagram,4385.16,67,3
2024-05-18,Facebook,1699.78,22,0
2024-05-18,Google,4935.94,98,2
2024-05-18,Email,3076.42,36,0
2024-05-18,Instagram,3538.0,75,2
2024-05-19,Facebook,3942.07,83,2
2024-05-19,Google,2135.0,38,1
2024-05-19,Email,4313.0,51,2
2024-05-19,Instagram,2911.25,67,0
2024-05-20,Facebook,4983.02,95,1
2024-05-20,Google,3843.0,140,6
2024-05-20,Email,926.3,19,0
2024-05-20,Instagram,4105.34,70,1
2024-05-21,Facebook,4080.43,56,1
2024-05-21,Google,4118.57,75,2
2024-05-21,Email,1400.35,26,0
2024-05-21,Instagram,2539.53,31,0
2024-05-22,Facebook,583.71,7,0
2024-05-22,Google,3095.79,83,4
2024-05-22,Email,3839.94,66,3
2024-05-22,Instagram,2897.24,41,1
2024-05-23,Facebook,2451.76,37,1
2024-05-23,Google,2850.21,57,0
2024-05-23,Email,1177.13,15,0
2024-05-23,Instagram,2459.25,54,2
2024-05-24,Facebook,789.92,21,0
2024-05-24,Google,4206.7,58,1
2024-05-24,Email,3205.55,61,0
2024-05-24,Instagram,1363.62,34,1
2024-05-25,Facebook,2588.72,39,1
2024-05-25,Google,3411.15,148,2
2024-05-25,Email,1113.94,27,1
2024-05-25,Instagram,3464.02,101,4
2024-05-26,Facebook,4837.04,82,0
2024-05-26,Google,4368.13,163,5
2024-05-26,Email,4402.27,47,1
2024-05-26,Instagram,2135.45,29,0
2024-05-27,Facebook,4744.23,60,0
2024-05-27,Google,1003.7,12,0
2024-05-27,Email,2848.81,33,1
2024-05-27,Instagram,4692.0,116,5
2024-05-28,Facebook,1571.35,52,2
2024-05-28,Google,1981.79,29,0
2024-05-28,Email,3867.68,99,2
2024-05-28,Instagram,1149.25,33,1
2024-05-29,Facebook,2477.64,61,2
2024-05-29,Google,2706.61,54,2
2024-05-29,Email,1924.2,35,1
2024-05-29,Instagram,4834.92,53,2
2024-05-30,Facebook,2133.49,27,1
2024-05-30,Google,594.83,6,0
2024-05-30,Email,4286.63,58,2
2024-05-30,Instagram,3608.07,43,0
2024-05-31,Facebook,2987.28,66,3
2024-05-31,Google,2132.85,25,0
2024-05-31,Email,4401.29,49,1
2024-05-31,Instagram,4594.05,89,4
2024-06-01,Facebook,1649.9,60,2
2024-06-01,Google,1559.57,42,1
2024-06-01,Email,4621.51,65,2
2024-06-01,Instagram,3950.33,75,0
2024-06-02,Facebook,4399.0,51,2
2024-06-02,Google,2619.91,49,2
2024-06-02,Email,3728.24,41,1
2024-06-02,Instagram,4209.8,55,1
2024-06-03,Facebook,2083.35,30,1
2024-06-03,Google,3820.03,67,0
2024-06-03,Email,734.44,10,0
2024-06-03,Instagram,4059.59,131,3
2024-06-04,Facebook,3327.33,73,0
2024-06-04,Google,1210.2,19,0
2024-06-04,Email,4237.8,52,2
2024-06-04,Instagram,3585.89,42,0
2024-06-05,Facebook,2652.64,33,0
2024-06-05,Google,3593.6,41,1
2024-06-05,Email,1393.99,26,0
2024-06-05,Instagram,4443.76,46,2
2024-06-06,Facebook,1510.19,15,0
2024-06-06,Google,3411.98,48,2
2024-06-06,Email,4883.57,136,5
2024-06-06,Instagram,1259.4,24,0
2024-06-07,Facebook,1670.71,61,1
2024-06-07,Google,4762.6,162,6
2024-06-07,Email,2458.21,26,0
2024-06-07,Instagram,3531.25,119,4
2024-06-08,Facebook,1357.45,15,0
2024-06-08,Google,1795.83,30,0
2024-06-08,Email,4353.52,64,3
2024-06-08,Instagram,1773.35,23,0
2024-06-09,Facebook,2338.36,73,1
2024-06-09,Google,1678.1,24,1
2024-06-09,Email,2163.37,28,0
2024-06-09,Instagram,546.44,17,0
2024-06-10,Facebook,3618.61,48,1
2024-06-10,Google,3688.04,46,0
2024-06-10,Email,928.76,37,0
2024-06-10,Instagram,1556.79,16,0
2024-06-11,Facebook,4726.95,48,1
2024-06-11,Google,3867.09,163,3
2024-06-11,Email,3288.46,74,1
2024-06-11,Instagram,2169.06,22,0
2024-06-12,Facebook,3112.19,76,2
2024-06-12,Google,4686.47,51,0
2024-06-12,Email,1927.93,30,0
2024-06-12,Instagram,1025.79,43,0
2024-06-13,Facebook,4422.56,50,1
2024-06-13,Google,4668.07,109,4
2024-06-13,Email,3258.19,40,0
2024-06-13,Instagram,1908.55,20,0
2024-06-14,Facebook,4975.54,61,0
2024-06-14,Google,4338.65,59,2
2024-06-14,Email,739.5,23,0
2024-06-14,Instagram,661.38,16,0
2024-06-15,Facebook,2463.93,24,1
2024-06-15,Google,683.56,14,0
2024-06-15,Email,2683.4,45,1
2024-06-15,Instagram,4400.96,147,2
2024-06-16,Facebook,4406.78,127,2
2024-06-16,Google,2789.32,66,3
2024-06-16,Email,3135.55,47,2
2024-06-16,Instagram,2867.07,43,1
2024-06-17,Facebook,845.76,10,0
2024-06-17,Google,4493.15,203,7
2024-06-17,Email,3562.88,69,2
2024-06-17,Instagram,4780.49,54,0
2024-06-18,Facebook,864.78,10,0
2024-06-18,Google,2543.25,26,0
2024-06-18,Email,526.12,5,0
2024-06-18,Instagram,4779.03,103,4
2024-06-19,Facebook,3804.44,39,1
2024-06-19,Google,1451.15,60,2
2024-06-19,Email,1954.27,79,1
2024-06-19,Instagram,4783.55,94,2
2024-06-20,Facebook,1301.05,13,0
2024-06-20,Google,901.35,10,0
2024-06-20,Email,4007.72,93,3
2024-06-20,Instagram,3443.29,116,3
2024-06-21,Facebook,2445.61,28,0
2024-06-21,Google,3582.33,117,4
2024-06-21,Email,4244.24,69,2
2024-06-21,Instagram,4484.36,77,2
2024-06-22,Facebook,2403.82,29,1
2024-06-22,Google,3262.41,59,1
2024-06-22,Email,681.97,14,0
2024-06-22,Instagram,1509.04,20,0
2024-06-23,Facebook,2728.95,38,1
2024-06-23,Google,1808.16,32,1
2024-06-23,Email,2649.25,83,1
2024-06-23,Instagram,4563.07,52,1
2024-06-24,Facebook,1829.67,76,0
2024-06-24,Google,702.93,24,0
2024-06-24,Email,925.18,12,0
2024-06-24,Instagram,1640.21,40,0
2024-06-25,Facebook,2765.5,94,3
2024-06-25,Google,1307.98,37,0
2024-06-25,Email,874.81,9,0
2024-06-25,Instagram,3142.44,55,2
2024-06-26,Facebook,3307.15,80,3
2024-06-26,Google,4421.05,126,2
2024-06-26,Email,3861.63,56,2
2024-06-26,Instagram,978.49,15,0
2024-06-27,Facebook,1025.05,30,0
2024-06-27,Google,3613.13,40,1
2024-06-27,Email,3208.49,54,1
2024-06-27,Instagram,4882.65,99,3
2024-06-28,Facebook,3606.32,69,1
2024-06-28,Google,1062.9,50,0
2024-06-28,Email,571.48,5,0
2024-06-28,Instagram,1441.53,20,0
2024-06-29,Facebook,2461.05,35,1
2024-06-29,Google,1359.12,30,0
2024-06-29,Email,2632.95,121,2
2024-06-29,Instagram,1185.9,15,0
2024-06-30,Facebook,2621.7,29,0
2024-06-30,Google,1406.02,21,0
2024-06-30,Email,729.15,35,1
2024-06-30,Instagram,3708.92,37,1
2024-07-01,Facebook,3816.85,56,1
2024-07-01,Google,1808.49,30,0
2024-07-01,Email,3159.68,45,1
2024-07-01,Instagram,4175.1,70,2
2024-07-02,Facebook,2877.39,53,1
2024-07-02,Google,785.8,8,0
2024-07-02,Email,2630.02,44,2
2024-07-02,Instagram,2060.44,27,0
2024-07-03,Facebook,1796.05,50,1
2024-07-03,Google,1544.46,41,1
2024-07-03,Email,2026.19,29,1
2024-07-03,Instagram,3456.31,113,2
2024-07-04,Facebook,3701.23,38,1
2024-07-04,Google,3528.98,44,1
2024-07-04,Email,4098.9,46,1
2024-07-04,Instagram,1771.06,22,0
2024-07-05,Facebook,1080.93,30,1
2024-07-05,Google,954.07,17,0
2024-07-05,Email,1866.43,50,0
2024-07-05,Instagram,581.59,6,0
2024-07-06,Facebook,1213.72,14,0
2024-07-06,Google,643.87,25,0
2024-07-06,Email,3279.03,110,2
2024-07-06,Instagram,1660.2,35,0
2024-07-07,Facebook,710.04,7,0
2024-07-07,Google,1180.3,15,0
2024-07-07,Email,3512.69,45,2
2024-07-07,Instagram,2470.22,43,1
2024-07-08,Facebook,999.19,35,1
2024-07-08,Google,4019.7,41,1
2024-07-08,Email,688.86,24,0
2024-07-08,Instagram,4418.91,47,0
2024-07-09,Facebook,1814.55,32,0
2024-07-09,Google,3796.48,135,4
2024-07-09,Email,2005.73,64,2
2024-07-09,Instagram,2475.99,46,1
2024-07-10,Facebook,1603.92,18,0
2024-07-10,Google,2772.6,103,2
2024-07-10,Email,3896.8,79,2
2024-07-10,Instagram,1182.25,14,0
2024-07-11,Facebook,1526.82,18,0
2024-07-11,Google,2341.89,41,1
2024-07-11,Email,4075.73,83,0
2024-07-11,Instagram,1155.13,55,2
2024-07-12,Facebook,4746.39,177,3
2024-07-12,Google,4918.75,148,1
2024-07-12,Email,3916.37,53,1
2024-07-12,Instagram,4561.3,185,6
2024-07-13,Facebook,3710.16,50,1
2024-07-13,Google,1830.76,35,1
2024-07-13,Email,2991.25,67,2
2024-07-13,Instagram,4591.54,222,4
2024-07-14,Facebook,2875.06,30,1
2024-07-14,Google,2507.85,68,2
2024-07-14,Email,4047.54,56,2
2024-07-14,Instagram,4494.54,54,1
2024-07-15,Facebook,1387.83,31,0
2024-07-15,Google,2005.22,25,0
2024-07-15,Email,1067.03,10,0
2024-07-15,Instagram,917.69,14,0
2024-07-16,Facebook,3906.71,119,1
2024-07-16,Google,4084.69,60,1
2024-07-16,Email,3983.71,50,2
2024-07-16,Instagram,996.99,40,0
2024-07-17,Facebook,3321.45,68,0
2024-07-17,Google,3429.33,114,2
2024-07-17,Email,3815.86,67,3
2024-07-17,Instagram,4124.24,41,1
2024-07-18,Facebook,4524.53,64,2
2024-07-18,Google,3179.97,66,1
2024-07-18,Email,4031.55,52,1
2024-07-18,Instagram,3714.58,60,1
2024-07-19,Facebook,1975.31,29,1
2024-07-19,Google,2125.7,76,2
2024-07-19,Email,4227.97,159,1
2024-07-19,Instagram,4498.29,77,2
2024-07-20,Facebook,2161.82,34,1
2024-07-20,Google,2835.25,54,1
2024-07-20,Email,2744.72,50,1
2024-07-20,Instagram,4689.66,79,3
2024-07-21,Facebook,4207.15,133,2
2024-07-21,Google,3700.18,121,4
2024-07-21,Email,4384.72,148,2
2024-07-21,Instagram,2630.1,32,1
2024-07-22,Facebook,2161.99,22,0
2024-07-22,Google,2338.79,78,2
2024-07-22,Email,681.27,21,0
2024-07-22,Instagram,4959.59,112,3
2024-07-23,Facebook,4060.42,129,4
2024-07-23,Google,718.93,7,0
2024-07-23,Email,1470.12,17,0
2024-07-23,Instagram,1050.48,21,0
2024-07-24,Facebook,2379.09,36,1
2024-07-24,Google,4551.29,55,1
2024-07-24,Email,3740.15,54,2
2024-07-24,Instagram,2771.44,48,1
2024-07-25,Facebook,2520.84,28,0
2024-07-25,Google,4099.15,56,1
2024-07-25,Email,1547.7,29,0
2024-07-25,Instagram,4811.36,52,2
2024-07-26,Facebook,3406.62,38,1
2024-07-26,Google,3073.98,36,1
2024-07-26,Email,3024.7,101,3
2024-07-26,Instagram,1365.92,19,0
2024-07-27,Facebook,737.93,11,0
2024-07-27,Google,2641.26,28,0
2024-07-27,Email,4712.82,137,1
2024-07-27,Instagram,4040.41,101,3
2024-07-28,Facebook,4494.45,80,3
2024-07-28,Google,3230.85,61,0
2024-07-28,Email,4378.88,200,5
2024-07-28,Instagram,2367.21,26,0
2024-07-29,Facebook,1657.3,56,0
2024-07-29,Google,1256.7,39,0
2024-07-29,Email,903.33,20,0
2024-07-29,Instagram,1261.36,18,0
2024-07-30,Facebook,622.27,25,0
2024-07-30,Google,1940.19,36,0
2024-07-30,Email,2189.81,25,0
2024-07-30,Instagram,1411.52,17,0
2024-07-31,Facebook,2718.41,33,0
2024-07-31,Google,1017.87,40,1
2024-07-31,Email,2331.84,39,1
2024-07-31,Instagram,1551.83,17,0
2024-08-01,Facebook,4835.64,65,1
2024-08-01,Google,2996.18,36,0
2024-08-01,Email,2330.36,87,3
2024-08-01,Instagram,1415.56,14,0
2024-08-02,Facebook,4933.89,59,1
2024-08-02,Google,2406.89,25,0
2024-08-02,Email,504.5,8,0
2024-08-02,Instagram,1801.62,18,0
2024-08-03,Facebook,4700.78,80,2
2024-08-03,Google,4277.69,84,2
2024-08-03,Email,3344.93,50,1
2024-08-03,Instagram,704.68,8,0
2024-08-04,Facebook,1852.87,35,0
2024-08-04,Google,1128.43,17,0
2024-08-04,Email,2443.83,35,1
2024-08-04,Instagram,1932.37,25,0
2024-08-05,Facebook,1676.12,20,0
2024-08-05,Google,1606.68,16,0
2024-08-05,Email,2569.1,37,0
2024-08-05,Instagram,3613.3,50,0
2024-08-06,Facebook,2644.38,28,1
2024-08-06,Google,2359.23,25,0
2024-08-06,Email,3931.09,62,2
2024-08-06,Instagram,3420.94,130,1
2024-08-07,Facebook,4244.38,57,2
2024-08-07,Google,2088.48,24,1
2024-08-07,Email,2110.85,61,2
2024-08-07,Instagram,3636.64,175,4
2024-08-08,Facebook,4713.12,84,1
2024-08-08,Google,589.02,13,0
2024-08-08,Email,2110.19,77,2
2024-08-08,Instagram,1864.3,24,0
2024-08-09,Facebook,2722.14,55,1
2024-08-09,Google,4570.28,59,1
2024-08-09,Email,1382.39,16,0
2024-08-09,Instagram,4414.62,67,1
2024-08-10,Facebook,2983.03,40,1
2024-08-10,Google,3570.73,54,0
2024-08-10,Email,1077.11,42,0
2024-08-10,Instagram,3064.56,80,2
2024-08-11,Facebook,4020.14,113,4
2024-08-11,Google,4963.78,65,2
2024-08-11,Email,1638.14,25,0
2024-08-11,Instagram,4720.51,66,3
2024-08-12,Facebook,733.38,7,0
2024-08-12,Google,4977.98,118,4
2024-08-12,Email,2599.64,53,2
2024-08-12,Instagram,4477.11,117,2
2024-08-13,Facebook,2390.28,42,0
2024-08-13,Google,1375.74,51,1
2024-08-13,Email,614.17,7,0
2024-08-13,Instagram,2407.19,92,1
2024-08-14,Facebook,1240.17,27,0
2024-08-14,Google,935.27,16,0
2024-08-14,Email,3166.39,45,1
2024-08-14,Instagram,1626.84,56,1
2024-08-15,Facebook,2033.61,83,1
2024-08-15,Google,4073.5,42,1
2024-08-15,Email,3288.05,40,1
2024-08-15,Instagram,3105.21,115,1
2024-08-16,Facebook,650.05,14,0
2024-08-16,Google,792.63,26,1
2024-08-16,Email,2488.63,56,1
2024-08-16,Instagram,796.06,10,0
2024-08-17,Facebook,1827.13,36,0
2024-08-17,Google,3883.84,100,3
2024-08-17,Email,3468.76,166,4
2024-08-17,Instagram,4078.24,45,1
2024-08-18,Facebook,2028.27,21,0
2024-08-18,Google,2543.35,54,0
2024-08-18,Email,962.1,14,0
2024-08-18,Instagram,4052.37,114,3
2024-08-19,Facebook,3368.14,83,2
2024-08-19,Google,3760.8,67,1
2024-08-19,Email,4086.62,164,3
2024-08-19,Instagram,2461.32,25,1
2024-08-20,Facebook,1900.35,20,0
2024-08-20,Google,1163.34,26,0
2024-08-20,Email,2159.73,104,3
2024-08-20,Instagram,3552.35,144,4
2024-08-21,Facebook,4258.29,48,1
2024-08-21,Google,1379.33,38,1
2024-08-21,Email,4033.69,85,3
2024-08-21,Instagram,3626.52,36,1
2024-08-22,Facebook,1990.15,30,1
2024-08-22,Google,3272.46,61,1
2024-08-22,Email,2544.36,30,0
2024-08-22,Instagram,1487.33,73,1
2024-08-23,Facebook,1536.23,21,0
2024-08-23,Google,3805.64,39,0
2024-08-23,Email,3830.37,105,1
2024-08-23,Instagram,4954.45,101,1
2024-08-24,Facebook,635.08,21,0
2024-08-24,Google,1374.82,20,0
2024-08-24,Email,697.57,31,0
2024-08-24,Instagram,1283.66,14,0
2024-08-25,Facebook,2029.18,31,0
2024-08-25,Google,596.71,6,0
2024-08-25,Email,594.47,8,0
2024-08-25,Instagram,4043.36,140,6
2024-08-26,Facebook,1872.83,47,1
2024-08-26,Google,3474.09,36,1
2024-08-26,Email,4989.63,55,2
2024-08-26,Instagram,794.2,25,1
2024-08-27,Facebook,4077.04,115,2
2024-08-27,Google,2184.15,32,1
2024-08-27,Email,1600.47,67,2
2024-08-27,Instagram,1350.96,21,0
2024-08-28,Facebook,1974.56,81,3
2024-08-28,Google,4427.83,50,2
2024-08-28,Email,4486.25,122,1
2024-08-28,Instagram,2618.0,35,0
2024-08-29,Facebook,2788.76,34,1
2024-08-29,Google,2791.21,46,1
2024-08-29,Email,1948.2,39,1
2024-08-29,Instagram,3720.42,62,1
2024-08-30,Facebook,2304.26,24,0
2024-08-30,Google,664.72,17,0
2024-08-30,Email,4384.26,84,1
2024-08-30,Instagram,4499.19,68,3
2024-08-31,Facebook,2183.48,34,0
2024-08-31,Google,878.13,15,0
2024-08-31,Email,3127.83,54,1
2024-08-31,Instagram,2417.46,42,1
2024-09-01,Facebook,4120.27,90,2
2024-09-01,Google,1308.05,33,1
2024-09-01,Email,2115.92,79,3
2024-09-01,Instagram,2807.56,39,1
2024-09-02,Facebook,4669.73,167,2
2024-09-02,Google,672.27,18,0
2024-09-02,Email,1981.59,44,1
2024-09-02,Instagram,3575.93,85,3
2024-09-03,Facebook,4990.98,49,1
2024-09-03,Google,3829.19,41,0
2024-09-03,Email,1847.63,21,0
2024-09-03,Instagram,2317.15,44,1
2024-09-04,Facebook,3448.89,59,1
2024-09-04,Google,3925.22,122,3
2024-09-04,Email,1521.17,19,0
2024-09-04,Instagram,2821.21,34,1
2024-09-05,Facebook,3751.3,65,2
2024-09-05,Google,1908.84,54,2
2024-09-05,Email,3640.74,99,2
2024-09-05,Instagram,3013.01,60,1
2024-09-06,Facebook,1077.56,11,0
2024-09-06,Google,4146.81,47,1
2024-09-06,Email,2386.16,31,0
2024-09-06,Instagram,4003.9,63,1
2024-09-07,Facebook,604.58,7,0
2024-09-07,Google,1191.61,12,0
2024-09-07,Email,3334.28,48,1
2024-09-07,Instagram,4401.25,44,0
2024-09-08,Facebook,2257.86,35,0
2024-09-08,Google,988.87,15,0
2024-09-08,Email,4526.35,164,2
2024-09-08,Instagram,2988.08,132,4
2024-09-09,Facebook,2698.76,77,0
2024-09-09,Google,4833.48,113,2
2024-09-09,Email,3468.06,135,1
2024-09-09,Instagram,2833.39,83,3
2024-09-10,Facebook,2348.88,72,1
2024-09-10,Google,2914.04,50,0
2024-09-10,Email,4797.94,53,0
2024-09-10,Instagram,1425.55,26,0
2024-09-11,Facebook,2636.51,38,1
2024-09-11,Google,3143.71,52,1
2024-09-11,Email,1739.48,84,1
2024-09-11,Instagram,787.87,15,0
2024-09-12,Facebook,2866.35,30,1
2024-09-12,Google,2570.92,38,1
2024-09-12,Email,1795.6,19,0
2024-09-12,Instagram,3651.42,47,1
2024-09-13,Facebook,3258.62,38,0
2024-09-13,Google,1621.11,17,0
2024-09-13,Email,2560.23,27,0
2024-09-13,Instagram,3058.77,59,2
2024-09-14,Facebook,1578.63,17,0
2024-09-14,Google,3326.37,76,3
2024-09-14,Email,3641.2,46,0
2024-09-14,Instagram,2720.69,27,0
2024-09-15,Facebook,4978.92,190,2
2024-09-15,Google,3949.43,85,2
2024-09-15,Email,1637.45,27,0
2024-09-15,Instagram,829.38,10,0
2024-09-16,Facebook,2215.2,27,1
2024-09-16,Google,2285.03,109,1
2024-09-16,Email,4627.12,100,3
2024-09-16,Instagram,2681.42,105,3
2024-09-17,Facebook,1590.32,16,0
2024-09-17,Google,4191.92,48,0
2024-09-17,Email,581.3,20,0
2024-09-17,Instagram,2905.94,56,0
2024-09-18,Facebook,3936.15,53,0
2024-09-18,Google,2111.39,56,0
2024-09-18,Email,3537.7,94,3
2024-09-18,Instagram,4264.26,50,1
2024-09-19,Facebook,3723.85,40,1
2024-09-19,Google,1887.46,78,0
2024-09-19,Email,3975.84,48,2
2024-09-19,Instagram,2185.9,55,0
2024-09-20,Facebook,2397.57,24,0
2024-09-20,Google,1364.68,18,0
2024-09-20,Email,4470.29,53,2
2024-09-20,Instagram,1255.47,37,0
2024-09-21,Facebook,984.58,21,0
2024-09-21,Google,1352.96,36,1
2024-09-21,Email,4725.15,159,2
2024-09-21,Instagram,2104.59,62,1
2024-09-22,Facebook,1923.08,37,1
2024-09-22,Google,797.07,9,0
2024-09-22,Email,2160.41,85,1
2024-09-22,Instagram,1856.9,27,1
2024-09-23,Facebook,958.16,15,0
2024-09-23,Google,4327.09,128,6
2024-09-23,Email,3199.4,32,1
2024-09-23,Instagram,3550.55,36,1
2024-09-24,Facebook,1994.21,28,1
2024-09-24,Google,1930.85,21,0
2024-09-24,Email,2007.97,29,0
2024-09-24,Instagram,2220.67,31,0
2024-09-25,Facebook,3143.61,31,0
2024-09-25,Google,3273.57,35,0
2024-09-25,Email,3820.61,47,1
2024-09-25,Instagram,769.65,15,0
2024-09-26,Facebook,1182.52,32,0
2024-09-26,Google,4655.34,68,3
2024-09-26,Email,3826.65,82,1
2024-09-26,Instagram,3396.21,42,1
2024-09-27,Facebook,4899.05,68,1
2024-09-27,Google,606.62,6,0
2024-09-27,Email,1590.12,25,1
2024-09-27,Instagram,3492.53,87,3
2024-09-28,Facebook,3737.76,54,1
2024-09-28,Google,1947.37,35,0
2024-09-28,Email,4414.4,172,3
2024-09-28,Instagram,3354.65,107,1
2024-09-29,Facebook,912.92,13,0
2024-09-29,Google,4693.16,120,1
2024-09-29,Email,3762.45,83,3
2024-09-29,Instagram,1602.16,46,0
2024-09-30,Facebook,1784.09,31,1
2024-09-30,Google,1723.37,20,0
2024-09-30,Email,4876.5,94,1
2024-09-30,Instagram,2486.19,41,1
2024-10-01,Facebook,3921.46,45,1
2024-10-01,Google,589.15,11,0
2024-10-01,Email,3914.86,41,1
2024-10-01,Instagram,1187.59,15,0
2024-10-02,Facebook,2586.43,45,1
2024-10-02,Google,3227.11,125,1
2024-10-02,Email,2611.66,80,1
2024-10-02,Instagram,557.75,9,0
2024-10-03,Facebook,2711.54,28,1
2024-10-03,Google,4867.22,97,2
2024-10-03,Email,3384.72,50,1
2024-10-03,Instagram,674.72,7,0
2024-10-04,Facebook,3045.24,85,2
2024-10-04,Google,1648.66,17,0
2024-10-04,Email,2793.24,47,1
2024-10-04,Instagram,3634.05,50,2
2024-10-05,Facebook,3810.49,96,1
2024-10-05,Google,4159.07,59,2
2024-10-05,Email,3638.62,50,1
2024-10-05,Instagram,2549.62,34,0
2024-10-06,Facebook,3209.67,33,1
2024-10-06,Google,555.52,6,0
2024-10-06,Email,4625.97,89,2
2024-10-06,Instagram,4554.48,74,1
2024-10-07,Facebook,2403.25,27,0
2024-10-07,Google,1859.99,19,0
2024-10-07,Email,2222.55,49,1
2024-10-07,Instagram,4443.8,56,0
2024-10-08,Facebook,3362.81,40,0
2024-10-08,Google,1142.21,14,0
2024-10-08,Email,2290.87,51,2
2024-10-08,Instagram,4173.75,207,2
2024-10-09,Facebook,3633.43,58,2
2024-10-09,Google,3798.69,112,2
2024-10-09,Email,3668.21,102,1
2024-10-09,Instagram,4768.17,85,3
2024-10-10,Facebook,1335.37,54,0
2024-10-10,Google,3916.24,96,4
2024-10-10,Email,2339.57,33,1
2024-10-10,Instagram,4407.63,132,2
2024-10-11,Facebook,2199.78,52,1
2024-10-11,Google,3135.41,53,1
2024-10-11,Email,953.64,38,1
2024-10-11,Instagram,532.52,7,0
2024-10-12,Facebook,935.79,15,0
2024-10-12,Google,3213.43,32,1
2024-10-12,Email,4694.58,81,1
2024-10-12,Instagram,2432.54,48,2
2024-10-13,Facebook,4997.5,58,2
2024-10-13,Google,3492.85,69,0
2024-10-13,Email,2102.13,45,0
2024-10-13,Instagram,2556.14,33,1
2024-10-14,Facebook,4495.87,144,4
2024-10-14,Google,4410.52,104,3
2024-10-14,Email,4167.73,84,2
2024-10-14,Instagram,3464.94,59,1
2024-10-15,Facebook,1345.71,13,0
2024-10-15,Google,4156.79,194,4
2024-10-15,Email,705.89,8,0
2024-10-15,Instagram,2499.38,36,0
2024-10-16,Facebook,3256.67,122,3
2024-10-16,Google,4691.68,49,2
2024-10-16,Email,4356.95,47,1
2024-10-16,Instagram,1822.38,51,0
2024-10-17,Facebook,2840.24,43,1
2024-10-17,Google,2770.86,91,3
2024-10-17,Email,1856.07,25,0
2024-10-17,Instagram,4436.54,132,3
2024-10-18,Facebook,1020.55,13,0
2024-10-18,Google,1452.38,18,0
2024-10-18,Email,902.44,16,0
2024-10-18,Instagram,1221.06,12,0
2024-10-19,Facebook,3948.39,104,2
2024-10-19,Google,2643.36,28,0
2024-10-19,Email,1110.9,17,0
2024-10-19,Instagram,906.99,12,0
2024-10-20,Facebook,4693.01,57,1
2024-10-20,Google,3397.94,67,2
2024-10-20,Email,3812.01,75,2
2024-10-20,Instagram,3028.55,34,1
2024-10-21,Facebook,1505.98,51,0
2024-10-21,Google,901.13,11,0
2024-10-21,Email,3850.78,131,3
2024-10-21,Instagram,4339.99,45,1
2024-10-22,Facebook,507.55,20,0
2024-10-22,Google,4312.03,43,0
2024-10-22,Email,2142.61,28,1
2024-10-22,Instagram,2838.88,41,0
2024-10-23,Facebook,2278.91,36,1
2024-10-23,Google,1151.15,12,0
2024-10-23,Email,2749.25,48,1
2024-10-23,Instagram,1156.42,15,0
2024-10-24,Facebook,3663.35,53,1
2024-10-24,Google,4956.51,165,8
2024-10-24,Email,3679.35,63,2
2024-10-24,Instagram,2727.61,35,0
2024-10-25,Facebook,4915.14,105,4
2024-10-25,Google,1447.76,18,0
2024-10-25,Email,3651.83,150,6
2024-10-25,Instagram,1305.59,22,0
2024-10-26,Facebook,4929.75,67,2
2024-10-26,Google,4959.78,77,1
2024-10-26,Email,3550.54,35,1
2024-10-26,Instagram,2259.78,36,0
2024-10-27,Facebook,3633.69,102,4
2024-10-27,Google,2271.98,74,2
2024-10-27,Email,3111.73,36,1
2024-10-27,Instagram,3693.14,65,1
2024-10-28,Facebook,1119.02,14,0
2024-10-28,Google,1151.7,30,1
2024-10-28,Email,3808.94,183,7
2024-10-28,Instagram,3090.57,41,2
2024-10-29,Facebook,1164.22,12,0
2024-10-29,Google,4287.47,45,0
2024-10-29,Email,4883.71,142,1
2024-10-29,Instagram,4911.25,68,2
2024-10-30,Facebook,4863.77,69,1
2024-10-30,Google,652.97,16,0
2024-10-30,Email,3595.93,37,1
2024-10-30,Instagram,2189.17,29,1
2024-10-31,Facebook,3463.33,42,1
2024-10-31,Google,3426.4,81,2
2024-10-31,Email,2152.95,72,0
2024-10-31,Instagram,2701.48,36,1
2024-11-01,Facebook,603.62,9,0
2024-11-01,Google,1731.76,21,0
2024-11-01,Email,1314.93,22,0
2024-11-01,Instagram,2451.45,37,0
2024-11-02,Facebook,785.74,8,0
2024-11-02,Google,1332.0,15,0
2024-11-02,Email,3002.27,47,1
2024-11-02,Instagram,2698.53,43,1
2024-11-03,Facebook,3711.87,44,0
2024-11-03,Google,3888.45,39,1
2024-11-03,Email,1312.99,19,0
2024-11-03,Instagram,2996.25,35,0
2024-11-04,Facebook,1079.67,29,0
2024-11-04,Google,3031.23,34,0
2024-11-04,Email,4909.68,81,1
2024-11-04,Instagram,2949.92,54,2
2024-11-05,Facebook,500.39,11,0
2024-11-05,Google,2837.49,34,1
2024-11-05,Email,2502.14,37,1
2024-11-05,Instagram,2852.0,28,0
2024-11-06,Facebook,2921.94,79,1
2024-11-06,Google,4188.93,107,1
2024-11-06,Email,1848.69,21,1
2024-11-06,Instagram,3209.65,86,2
2024-11-07,Facebook,1078.21,15,0
2024-11-07,Google,1647.35,32,1
2024-11-07,Email,2300.27,86,1
2024-11-07,Instagram,2414.05,31,0
2024-11-08,Facebook,817.51,10,0
2024-11-08,Google,3635.61,102,2
2024-11-08,Email,3457.93,40,1
2024-11-08,Instagram,2388.59,73,3
2024-11-09,Facebook,2451.32,111,3
2024-11-09,Google,848.86,28,0
2024-11-09,Email,2967.66,117,4
2024-11-09,Instagram,2132.69,45,0
2024-11-10,Facebook,4409.85,115,1
2024-11-10,Google,2197.2,22,0
2024-11-10,Email,972.51,10,0
2024-11-10,Instagram,3777.47,84,3
2024-11-11,Facebook,2703.28,43,1
2024-11-11,Google,4394.29,68,2
2024-11-11,Email,4534.57,134,6
2024-11-11,Instagram,2253.03,47,1
2024-11-12,Facebook,4856.0,77,2
2024-11-12,Google,4323.34,74,1
2024-11-12,Email,542.74,8,0
2024-11-12,Instagram,1068.66,21,0
2024-11-13,Facebook,737.89,9,0
2024-11-13,Google,3683.76,92,3
2024-11-13,Email,3680.54,106,5
2024-11-13,Instagram,4093.11,68,1
2024-11-14,Facebook,2424.94,25,1
2024-11-14,Google,4163.1,93,4
2024-11-14,Email,4763.55,90,2
2024-11-14,Instagram,905.63,34,1
2024-11-15,Facebook,4751.9,143,1
2024-11-15,Google,3845.34,59,1
2024-11-15,Email,4434.59,45,1
2024-11-15,Instagram,2789.07,35,1
2024-11-16,Facebook,2817.55,28,1
2024-11-16,Google,3640.47,69,2
2024-11-16,Email,4598.99,57,2
2024-11-16,Instagram,3661.66,45,0
2024-11-17,Facebook,3825.42,39,1
2024-11-17,Google,4461.49,71,2
2024-11-17,Email,3233.18,33,1
2024-11-17,Instagram,4468.69,72,1
2024-11-18,Facebook,838.05,9,0
2024-11-18,Google,4786.18,88,2
2024-11-18,Email,2179.78,75,3
2024-11-18,Instagram,1623.94,25,1
2024-11-19,Facebook,1030.39,23,0
2024-11-19,Google,1458.8,18,0
2024-11-19,Email,1478.58,33,1
2024-11-19,Instagram,3393.38,39,0
2024-11-20,Facebook,2583.76,37,1
2024-11-20,Google,2100.85,30,0
2024-11-20,Email,2092.52,102,4
2024-11-20,Instagram,1337.71,27,0
2024-11-21,Facebook,2714.21,101,3
2024-11-21,Google,1191.7,39,1
2024-11-21,Email,1200.34,16,0
2024-11-21,Instagram,2279.11,51,1
2024-11-22,Facebook,1319.82,15,0
2024-11-22,Google,2473.57,28,0
2024-11-22,Email,2091.82,38,0
2024-11-22,Instagram,4417.31,123,2
2024-11-23,Facebook,681.15,13,0
2024-11-23,Google,4554.49,138,2
2024-11-23,Email,2656.83,36,0
2024-11-23,Instagram,2394.93,37,1
2024-11-24,Facebook,3714.44,80,3
2024-11-24,Google,4467.95,74,3
2024-11-24,Email,4293.78,84,1
2024-11-24,Instagram,985.46,45,0
2024-11-25,Facebook,2750.0,33,0
2024-11-25,Google,3552.4,74,3
2024-11-25,Email,3818.44,69,1
2024-11-25,Instagram,2686.68,33,0
2024-11-26,Facebook,1186.23,19,0
2024-11-26,Google,3950.27,44,2
2024-11-26,Email,1613.09,18,0
2024-11-26,Instagram,3679.07,43,1
2024-11-27,Facebook,2760.5,80,3
2024-11-27,Google,3160.38,44,0
2024-11-27,Email,1095.33,47,2
2024-11-27,Instagram,4680.94,86,2
2024-11-28,Facebook,909.21,37,0
2024-11-28,Google,1879.01,26,0
2024-11-28,Email,2012.8,34,1
2024-11-28,Instagram,3397.43,76,1
2024-11-29,Facebook,1762.5,36,0
2024-11-29,Google,1939.28,81,0
2024-11-29,Email,734.59,9,0
2024-11-29,Instagram,2624.26,28,0
2024-11-30,Facebook,1331.78,13,0
2024-11-30,Google,1869.61,67,0
2024-11-30,Email,2982.96,33,0
2024-11-30,Instagram,3835.81,78,3
2024-12-01,Facebook,2879.88,57,2
2024-12-01,Google,1445.15,28,1
2024-12-01,Email,1087.18,13,0
2024-12-01,Instagram,3139.53,33,1
2024-12-02,Facebook,1356.95,17,0
2024-12-02,Google,836.96,13,0
2024-12-02,Email,3764.08,37,0
2024-12-02,Instagram,3743.46,159,2
2024-12-03,Facebook,2977.23,74,3
2024-12-03,Google,4340.47,46,2
2024-12-03,Email,4527.11,81,3
2024-12-03,Instagram,4598.82,180,4
2024-12-04,Facebook,4691.0,77,0
2024-12-04,Google,3196.19,42,0
2024-12-04,Email,704.5,10,0
2024-12-04,Instagram,3622.12,45,1
2024-12-05,Facebook,3581.12,39,1
2024-12-05,Google,1244.83,15,0
2024-12-05,Email,4007.17,76,1
2024-12-05,Instagram,1328.3,40,0
2024-12-06,Facebook,3635.25,40,1
2024-12-06,Google,2549.48,33,1
2024-12-06,Email,1865.35,49,1
2024-12-06,Instagram,2984.68,88,1
2024-12-07,Facebook,1571.98,67,1
2024-12-07,Google,4476.21,47,0
2024-12-07,Email,4057.8,56,1
2024-12-07,Instagram,4205.35,66,0
2024-12-08,Facebook,2063.58,30,0
2024-12-08,Google,874.61,11,0
2024-12-08,Email,3749.36,71,2
2024-12-08,Instagram,1960.86,79,3
2024-12-09,Facebook,4207.69,112,5
2024-12-09,Google,1295.31,13,0
2024-12-09,Email,4904.43,59,2
2024-12-09,Instagram,978.99,12,0
2024-12-10,Facebook,3442.21,38,1
2024-12-10,Google,2978.95,34,0
2024-12-10,Email,1709.57,25,1
2024-12-10,Instagram,3888.04,119,2
2024-12-11,Facebook,3768.29,76,3
2024-12-11,Google,921.61,26,0
2024-12-11,Email,4380.58,124,3
2024-12-11,Instagram,3782.66,52,0
2024-12-12,Facebook,1233.13,36,0
2024-12-12,Google,3235.2,126,1
2024-12-12,Email,1603.64,17,0
2024-12-12,Instagram,951.05,15,0
2024-12-13,Facebook,4135.97,60,1
2024-12-13,Google,593.22,6,0
2024-12-13,Email,3400.17,144,2
2024-12-13,Instagram,876.18,27,0
2024-12-14,Facebook,560.74,5,0
2024-12-14,Google,978.53,12,0
2024-12-14,Email,3683.55,101,2
2024-12-14,Instagram,3032.83,54,0
2024-12-15,Facebook,1992.9,61,0
2024-12-15,Google,3614.19,51,0
2024-12-15,Email,4212.16,149,3
2024-12-15,Instagram,2801.94,32,0
2024-12-16,Facebook,4604.75,210,5
2024-12-16,Google,1163.19,16,0
2024-12-16,Email,4455.46,87,3
2024-12-16,Instagram,4202.53,144,2
2024-12-17,Facebook,995.61,35,1
2024-12-17,Google,2107.89,30,0
2024-12-17,Email,4654.94,49,2
2024-12-17,Instagram,3220.28,94,2
2024-12-18,Facebook,3198.25,43,0
2024-12-18,Google,3502.73,79,3
2024-12-18,Email,2067.74,73,3
2024-12-18,Instagram,3477.79,36,1
2024-12-19,Facebook,3700.88,141,1
2024-12-19,Google,4698.93,147,5
2024-12-19,Email,1941.15,37,1
2024-12-19,Instagram,4034.96,69,0
2024-12-20,Facebook,3100.29,32,0
2024-12-20,Google,907.01,9,0
2024-12-20,Email,2232.58,49,1
2024-12-20,Instagram,3620.39,68,2
2024-12-21,Facebook,2000.59,23,0
2024-12-21,Google,1606.59,30,0
2024-12-21,Email,2901.97,46,1
2024-12-21,Instagram,2230.82,33,0
2024-12-22,Facebook,3100.44,41,1
2024-12-22,Google,3663.92,94,0
2024-12-22,Email,4972.57,232,7
2024-12-22,Instagram,4809.27,51,0
2024-12-23,Facebook,2072.06,23,1
2024-12-23,Google,4185.55,96,1
2024-12-23,Email,4339.9,44,2
2024-12-23,Instagram,1591.24,18,0
2024-12-24,Facebook,1120.11,11,0
2024-12-24,Google,2198.57,99,4
2024-12-24,Email,2172.58,28,1
2024-12-24,Instagram,831.97,9,0
2024-12-25,Facebook,635.84,12,0
2024-12-25,Google,846.79,12,0
2024-12-25,Email,1173.73,33,1
2024-12-25,Instagram,3866.48,50,1
2024-12-26,Facebook,2351.85,50,2
2024-12-26,Google,3628.61,84,1
2024-12-26,Email,4465.21,197,7
2024-12-26,Instagram,2764.83,132,5
2024-12-27,Facebook,3559.57,39,1
2024-12-27,Google,4232.83,45,1
2024-12-27,Email,3692.09,68,1
2024-12-27,Instagram,4879.05,79,3
2024-12-28,Facebook,1063.1,28,0
2024-12-28,Google,1485.08,42,1
2024-12-28,Email,3016.82,34,1
2024-12-28,Instagram,2607.96,57,2
2024-12-29,Facebook,4222.64,127,5
2024-12-29,Google,3409.91,95,1
2024-12-29,Email,850.14,12,0
2024-12-29,Instagram,626.22,14,0
2024-12-30,Facebook,793.94,11,0
2024-12-30,Google,1891.04,29,1
2024-12-30,Email,645.65,15,0
2024-12-30,Instagram,3041.59,46,1
2024-12-31,Facebook,705.56,15,0
2024-12-31,Google,538.15,11,0
2024-12-31,Email,2291.61,64,2
2024-12-31,Instagram,3765.6,38,1
